1|00035200264013|035200264013|Riceland|Riceland American Jazmine Rice
2|00011111065925|011111065925|Caress|Caress Velvet Bliss Ultra Silkening Beauty Bar - 6 Ct
3|00023923330139|023923330139|Earth's Best|Earth's Best Organic Fruit Yogurt Smoothie Mixed Berry
4|00208528800007|208528800007|Boar's Head|Boar's Head Sliced White American Cheese - 120 Ct
5|00759283100036|759283100036|Back To Nature|Back To Nature Gluten Free White Cheddar Rice Thin Crackers
6|00074170388732|074170388732|Sally Hansen|Sally Hansen Nail Color Magnetic 903 Silver Elements
7|00070177154004|070177154004|Twinings Of London|Twinings Of London Classics Lady Grey Tea - 20 Ct
8|00051600080015|051600080015|Lea & Perrins|Lea & Perrins Marinade In-a-bag Cracked Peppercorn
9|00019600923015|019600923015|Van De Kamp's|Van De Kamp's Fillets Beer Battered - 10 Ct
10|00688267141676|688267141676|Ahold|Ahold Cocoa Almonds
11|00657622604842|657622604842|Honest Tea|Honest Tea Peach White Tea
12|00074676640211|074676640211|Mueller|Mueller Sport Care Basic Support Level Medium Elastic Knee Support
13|00603084234561|603084234561|Garnier Nutritioniste|Garnier Nutritioniste Moisture Rescue Fresh Cleansing Foam
14|00041167300121|041167300121|Pamprin|Pamprin Maximum Strength Multi-symptom Menstrual Pain Relief
15|00079400847201|079400847201|Suave|Suave Naturals Moisturizing Body Wash Creamy Tropical Coconut
16|00792850014008|792850014008|Burt's Bees|Burt's Bees Daily Moisturizing Cream Sensitive
17|00088313590791|088313590791|Ducal|Ducal Refried Red Beans
18|00021200725340|021200725340|Scotch|Scotch Removable Clear Mounting Squares - 35 Ct
19|00041520035646|041520035646|Careone|Careone Family Comb Set - 8 Ct
20|00204040000000|204040000000|Usda Produce|Plums Black
21|00753950001954|753950001954|Doctor's Best|Doctor's Best Best Curcumin C3 Complex 1000mg Tablets - 120 Ct
22|00016000288829|016000288829|Betty Crocker|Betty Crocker Twin Pack Real Potatoes Scalloped 2 Pouches For 2 Meals - 2 Pk
23|00070670009658|070670009658|Reese|Reese Mandarin Oranges Segments In Light Syrup
24|00688267084225|688267084225|Smart Living|Smart Living Charcoal Lighter Fluid
25|00044100117428|044100117428|Hood|Hood Latte Iced Coffee Drink Vanilla Latte
26|00300436344045|300436344045|Triaminic|Triaminic Syrup Night Time Cold & Cough Grape 4oz
27|00024600017008|024600017008|Morton|Morton Kosher Salt Coarse
28|00719175900007|719175900007|Usda Produce|Guava
29|00013000001038|013000001038|Heinz|Heinz Tomato Ketchup - 2 Ct
30|00723503568678|723503568678|Petmate|Petmate Booda Bones Steak, Bacon & Chicken Flavors - 9 Ct
31|00652790100226|652790100226|Zhena's Gypsy Tea|Zhena's Gypsy Tea Herbal Red Tea Sachets Fire Light Chai - 22 Ct
32|00008500004528|008500004528|Barefoot|Barefoot Pinot Grigio  187
33|00071463060078|071463060078|The First Years|Tomy The First Years Gumdrop Orthodontic Pacifiers 6m+ - 2ct
34|00312546628694|312546628694|Halls|Halls Menthol Cough Suppresant/oral Anesthetic Drops Honey-lemon - 30 Ct
35|00033674100066|033674100066|Nature's Way|Nature's Way Forskohlii - 60 Ct
36|00610358991525|610358991525|Deerfields Gluten Free|Rice Bran Gluten Free Dinner Rolls Plain
37|00073575295003|073575295003|Nakano|Nakano Seasoned Rice Vinegar Original
38|00030768540548|030768540548|Sundown Naturals|Sundown Naturals Essential Electrolytes Tropical Punch, Watermelon And Fruit Punch Gummies - 60 Ct
39|00028400029254|028400029254|Munchies|Munchies Sandwich Crackers Cheddar Cheese On Golden Toast Crackers - 8 Pk
40|00042272008063|042272008063|Amy's|Amy's Light & Lean Spaghetti Italiano
41|00031000670016|031000670016|P.f. Chang's|P.f. Chang's Home Menu Meal For Two Beef With Broccoli
42|00883978129115|883978129115|Mom's Best Naturals|Mom's Best Naturals Cereal Toasted Cinnamon Squares
43|00071403000379|071403000379|Ferrara|Ferrara Vanilla Syrup
44|00026000001403|026000001403|Elmer's|Elmer's Board Mate Dual Tip Glue Pen
45|00038000542237|038000542237|Kellogg's|Kellogg's Disney Pixar Cars 2 Cereal
46|00035457770664|035457770664|Mama Marys|Pizza Sauce
47|00884623708976|884623708976|Bear Naked|Bear Naked Fit Almond Crisp 100% Natural Energy Cereal
48|00079400271631|079400271631|Dove|Dove Men + Care Antiperspirant Deodorant Cool Silver
49|00062338879772|062338879772|Easy-off|Easy-off Oven Cleaner Lemon Scent
50|00047445919221|047445919221|Choice|Choice Organic Teas Black Tea Classic Black - 16 Ct
51|00041520314307|041520314307|Careone|Careone Lubricating Jelly
52|00015229375198|015229375198|Sacla|Sacla Italia Sun Dried Pesto Sauce
53|00036000141870|036000141870|Huggies|Huggies Natural Care Wipes - 3 Pk
54|00789293900173|789293900173|Serpis|Serpis Green Olives Stuffed With Spicy Chorizo
55|00817544011047|817544011047|Ripken|Ripken Power Shred Beef Jerky Teriyaki
56|00073410032022|073410032022|Arnold|Arnold Bread Jewish Rye Everything
57|00032917001863|032917001863|Traditional Medicinals|Traditional Medicinals Herbal Tea Bags Just For Kids Organic Nighty Night - 18 Ct
58|00075767200246|075767200246|Perry's Ice Cream|Perry's Ice Cream Panda Paws
59|00008500001210|008500001210|Black Swan|Black Swan Shiraz Merlot 1.5
60|00899874002018|899874002018|Maty's|Maty's All Natural Kids 1+ Caramel Banana Taste Cough Syrup
61|00021000028207|021000028207|Kraft|Kraft Anything Dressing Honey Mustard
62|00011141100054|011141100054|Eight O'clock Coffee|Eight O'clock Coffee Dark Italian Roast Ground
63|00688267038693|688267038693|Ahold|Ahold  Honey Mustard
64|00763948042937|763948042937|Enzymatic Therapy|Enzymatic Therapy  Acidophilus Pearls Active Cultures Dietary Supplement - 30 Ct
65|00688267078491|688267078491|Ahold|Ahold Complete Buttermilk Pancake & Waffle Mix
66|00041235000700|041235000700|Mrs Renfro|Salsa Habanero
67|00804879349471|804879349471|Say-it|Say-it Sandwich & Snack Bags- 60 Pk
68|00044500976496|044500976496|Hillshire Farm|Hillshire Farm Deli Select Smoked Ham With Water Added Ultra Thin
69|00050000127344|050000127344|Coffee-mate|Nestle Coffee-mate Fat Free Hazelnut Flavor Coffee Creamer
70|00041520313539|041520313539|Careone|Careone Cotton Swabs
71|00380045410010|380045410010|1-day|1-day Vaginal Antifungal Prefilled Applicator 1-dose Treatment
72|00305732871103|305732871103|Preparation H|Preparation H Hemorrhoidal Ointment
73|00736547211561|736547211561|Roth Kase|Roth Kase Mini Cheeseboard Kit Havarti, Gruyere & Pepper Jack - 3 Ct
74|00731919138200|731919138200|Firm Grip|Firm Grip Disposable Nitrile Gloves - 10 Gloves
75|00037000835080|037000835080|Downy|Downy Ultra Infusions Orchid Allure Fabric Softener - 48 Loads
76|00888109110154|888109110154|Hostess|Hostess Mini Muffins Chocolate Chip - 20 Ct
77|00015000005771|015000005771|Gerber|Gerber Graduates For Toddlers Lil' Meals Pasta Shells & Cheese
78|00097421490015|097421490015|Powerbar|Powerbar Protein Plus High Protein Bar Vanilla Yogurt
79|00878639000476|878639000476|Every Man Jack|Every Man Jack Shave Cream
80|00688267130434|688267130434|Ahold|Ahold Premium Paper Towels Giant Rolls - 8 Ct
81|00637876989551|637876989551|Piacci|Piacci Parmesan Nuggets
82|00022796910028|022796910028|Organix|Organix Smoothing Shea Butter Conditioner
83|00011017405269|011017405269|Dr Scholl's|Dr. Scholl's For Her Rub Relief Strips
84|00022451017505|022451017505|Guida's|Guida's Whole Milk
85|00011152817606|011152817606|Hime|Hime Wasabi Powdered Sushi
86|00216076400006|216076400006|Usda Meat|Boneless Pork Shoulder Roast
87|00020822530000|020822530000|Usda Meat|Boneless Pork Shoulder Roast
88|00688267136474|688267136474|Simply Enjoy|Ahold Simply Enjoy Gourmet Spread Smoky Fig & Roasted Garlic
89|00086279036858|086279036858|Cuisinart|Cuisinart Citrus Juicer Pulp Control
90|00021000611614|021000611614|Velveeta|Velveeta Cheese
91|00311017235256|311017235256|Lotrimin|Lotrimin Ultra Antifungal Athlete's Foot Cream
92|00047325077355|047325077355|Pasta Lensi|Pasta Lensi Gigli #253
93|00182308000040|182308000040|Cherrybrook Kitchen|Cherrybrook Kitchen D.w. Sugar Cookie Mix
94|00090800000751|090800000751|Herb Pharm|Herb Pharm Black Elderberry Herbal Glycerite Extract
95|00041167023044|041167023044|Gold Bond|Gold Bond Medicated Cornstarch Plus Baby Powder
96|00016000164901|016000164901|Chex Mix|General Mills Sweet 'n Salty Honey Nut Chex Mix
97|00698997807308|698997807308|Udi's|Udi's Soft N' Chewy Granola Bars Chocolate Chip - 5 Ct
98|00162308001773|162308001773|Usda Meat|Smoked Pork Hocks - 4 Ct
99|00857320002081|857320002081|Kelapo|Kelapo Extra Virgin Coconut Oil Baking Sticks
100|00041443902643|041443902643|Margaret Holmes|Margaret Holmes Peanut Patch Green Boiled Peanuts Hot & Spicy
101|00021000023233|021000023233|Kraft|Kraft Velveeta Shells & Cheese 2% Milk
102|00046135116742|046135116742|Sylvania|Sylvania Daylight 75 Watt Indoor Light Bulb
103|00047834063047|047834063047|Sushi Chef|Sushi Chef Wakame Soup Mix Traditional Japanese Style
104|00051000143709|051000143709|Campbell's|Campbell's Homestyle Soup Italian-style Wedding
105|00025537999054|025537999054|Sapore Sensuale|Sapore Sensuale Cake Toasted Almond
106|00041457272565|041457272565|Goody|Goody Ouchless No Metal Elastics - 29 Ct
107|00688267123580|688267123580|Ahold|Ahold Cooked Shrimp Large Tail-on
108|00041520893307|041520893307|Smart Living|"Smart Living 10.5"" X 8"" 3 Subject Notebook College Ruled"
109|00078300098362|078300098362|Playtex|Playtex Plastic Tampons Gentle Glide 360 Multi-pack Regular/super Fresh Scent - 18 Ct
110|00034000003662|034000003662|Hershey's|Hershey's Caramel Syrup
111|00019800702328|019800702328|Windex|Windex Original Glass & Surface Wipes - 28 Pk
112|00075609190360|075609190360|Olay Total Effects|Olay Total Effects 7-in-1 Tone Correcting Eye Treatment 0.5 Fl Oz
113|00816559011080|816559011080|Alberto Vo5|Alberto Vo5 Normal Balancing Shampoo
114|00717489901055|717489901055|Milani|Milani Total Lash Cover Mascara 105 Black
115|00608623000331|608623000331|Sylvia's Restaurant|Sylvia's Restaurant Specially-seasoned Field Peas With Snaps
116|00044000030384|044000030384|Wheat Thins|Nabisco Wheat Thins Snacks
117|00041520019677|041520019677|Careone|Careone Whitening Toothbrush Soft
118|00305210269583|305210269583|Vaseline|Vaseline Spray & Go Moisturizer Total Moisture
119|00031604027551|031604027551|Nature Made|Nature Made Fish Oil 1200mg Omega-3 360mg Liquid Softgels Lemon Flavor - 60 Ct
120|00853553002133|853553002133|Bellucci|Belluci Extra Virgin Olive Oil 100% Italian
121|00028400033329|028400033329|Ruffles|Ruffles Sour Cream & Onion Potato Chips
122|00020735420966|020735420966|Turkey Hill|Turkey Hill Premium Ice Cream Party Cake
123|00307667630039|307667630039|Tums|Tums Freshers Antacid Spearmint - 2 Pk
124|00072700104272|072700104272|Manischewitz|Manishchewitz Gluten Free Wide Egg Noodles
125|00047400302877|047400302877|Gillette Fusion|Gillette Fusion Proglide Cartridges - 8 Ct
126|00296680000007|296680000007|Bakery|Bakery Pistachio Muffin - 4 Ct
127|00041716842942|041716842942|Frigo|Frigo Cheese Heads 100% Natural String Cheese Light - 12 Ct
128|00070074586137|070074586137|Similac Advance|Similac Advance Infant Formula With Iron Milk-based/ready To Feed - 6 Ct
129|00015300430617|015300430617|Rice-a-roni|Rice A Roni Chicken Flavor Lower Sodium Rice
130|00616029012407|616029012407|Oberweis|Oberweis Dairy Raspberry Lemonade
131|00688267139680|688267139680|Companion|Companion Dog Biscuits Senior
132|00641748624792|641748624792|Coco|Coco Lite Multigrain Pop Cakes Whole Wheat
133|00050000301522|050000301522|Coffee-mate|Nestle The Original Coffee Mate
134|00716123124638|716123124638|Sweet Leaf|Sweetleaf Natural Stevia Sweetener Packets - 70 Ct
135|00093709300403|093709300403|Pamela's|Pamela's Chocolate Cake Mix
136|00098016322834|098016322834|Designer Greetings|Designer Gift Bag Glitterwrap
137|00688267136252|688267136252|Ahold|Ahold 5 Cheese Pizza Ready To Bake
138|00610358991822|610358991822|Deerfields Gluten Free|Rice Bran Gluten Free Mini Baguette
139|00028400162234|028400162234|Cracker Jack|Cracker Jack Popcorn Butter Toffee
140|00074711545679|074711545679|Swingline|Swingline Standard Desk Stapler Bonus Pack!
141|00208220500007|208220500007|Usda Meat|Pork Chops Bone-in Center Cut
142|00028881400000|028881400000|Usda Meat|Pork Chops Bone-in Center Cut
143|00027000419021|027000419021|Snack Pack|Snack Pack Tapioca Pudding - 4 Pk
144|00041520880710|041520880710|Pure Power|Pure Power Easy Grip Scrub Brush
145|00744160220198|744160220198|Cocktail|Cocktail Rx Frozen Cocktails Blue Hawaiian
146|00048419063957|048419063957|Anagram|"Anagram Foil Balloon 18"" Happy Birthday Smiles"
147|00048481009952|048481009952|Shelton's|Shelton's Turkey Burgers - 3 Ct
148|00072890000309|072890000309|Buckler|Buckler Non-alcoholic Malt Beverage - 6 Ct
149|00070796300035|070796300035|Cento|Cento All Purpose Crushed Tomatoes
150|00041520874061|041520874061|Careone|Careone Vitamin B12 500mcg Tablets - 100 Ct
151|00033776100803|033776100803|Earth Balance|Earth Balance Natural Peanut Butter And Flaxseed Creamy
152|00045587547104|045587547104|Looza|Looza Mango Juice Drink
153|00051000199447|051000199447|Campbell's Go|Campbell's Go Soup Coconut Curry With Chicken & Shitake Mushrooms
154|00013409352311|013409352311|Sweet Baby Ray's|Sweet Baby Ray's Barbecue Sauce
155|00019800036591|019800036591|Renuzit|Renuzit Gel Air Freshener Original
156|00054800344475|054800344475|Uncle Ben's|Uncle Ben's Roasted Garlic Ready Whole Grain Rice Medley
157|00073171006232|073171006232|Howe|Howe Gummi Sour Brites
158|00044000004149|044000004149|Ritz Bits|Nabisco Ritz Bits Cheese Cracker Sandwiches
159|00071072021804|071072021804|Alessi|Alessi Balsamic Reduction Traditional Balsamic
160|00041167413128|041167413128|Allegra|Allegra Allergy 12 Hour Relief Tablets - 12 Ct
161|00010900633376|010900633376|Reynolds|Reynolds Staybrite Baking Cups Flowers - 36 Ct
162|00052100013848|052100013848|Mccormick|Mccormick Grill Mates Brown Sugar Bourbon Marinade
163|00688267132667|688267132667|Ahold|Ahold Cocoa Magic Cereal
164|00744160220051|744160220051|Cocktail|Cocktail Rx Frozen Cocktail Cosmopolitan
165|00033776011895|033776011895|Earth Balance|Earth Balance Natural Buttery Spread Soy Free
166|00046704063316|046704063316|T.g.i. Friday's|T.g.i Friday's Poppers Cream Cheese Stuffed Jalapenos
167|00070158008203|070158008203|Krazy Glue|Instant Krazy Glue - 4 Ct
168|00051000075017|051000075017|Pepperidge Farm|Pepperidge Farm Puff Pastry Turnovers Apple - 4 Ct
170|00051000150769|051000150769|Campbell's|Campbell's Soup On The Go Chicken & Star Shaped Pasta Soup
171|00025000008054|025000008054|Hi-c|Hi-c Boppin' Strawberry Fruit Juice Boxes- 10 Pk
172|00072799831400|072799831400|Werther's Original|Werther's Original Sugar Free Hard Candies
173|00023100017792|023100017792|Cesar|Cesar Canine Cuisine Filet Mignon Flavor
174|00627975010164|627975010164|Freshpet|Freshpet Chilly Wags Natural Vanilla Flavor Frozen Treats For Dogs - 4 Ct
175|00738912022437|738912022437|Boston Market|Boston Market Spaghetti With Meatballs
176|00077544000506|077544000506|Osem|Osem Soup & Seasoning Mix Consomme
177|00041520894281|041520894281|Smart Living|Smart Living Assorted Binder Clips - 10 Ct
178|00721134700245|721134700245|Golden Krust|Golden Krust Jamaican Style Spicy Beef Patties - 2 Ct
179|00024182000894|024182000894|Eden Organic|Eden Organic Shelled & Dry Roasted Pistachios
180|00052100025780|052100025780|Mccormick|Mccormick Grill Mates Mesquite Marinade
181|00635519115015|635519115015|Urban Accents|Urban Accents Fisherman's Wharf Seafood Seasoning
182|00025600002247|025600002247|Tastykake|Tastykake Cream Filled Koffee Kake Cupcakes Family Pack - 12 Ct
183|00041390000034|041390000034|Kikkoman|Kikkoman Soy Sauce
184|00041271024883|041271024883|International Delight|International Delight Coffee Creamer Irish Cream
185|00237194000008|237194000008|Ahold|Ahold Honey Ham - Water Added
186|00041520001641|041520001641|Ahold|Ahold Fitness Grape Creatine
187|00643843200024|643843200024|Premier Protein|Premier Protein Crisp Crunchy Protein Bar Peanut Butter Caramel - 6 Ct
188|00038861090595|038861090595|Whitmor|Whitmor Stacking Shelf White Grid Medium
189|00016000147072|016000147072|Fruit Gushers|Fruit Gushers Fruit Flavored Snacks Value Pack - 12 Ct
190|00079400188977|079400188977|Suave|Suave Naturals Everlasting Sunshine Shampoo
191|00043695103564|043695103564|Hot Pockets|Hot Pockets Sandwiches Cheeseburgers - 4 Ct
192|00020735112298|020735112298|Turkey Hill|Turkey Hill Premium Ice Cream Getrude Hawk Chocolates Box Of Chocolates
193|00870397001603|870397001603|Currant Affair|Currant Affair Black Currant Cranberry Juice
194|00022506474703|022506474703|Spectrum Essentials|Spectrum Essentials Prenatal Dha Softgels - 60 Ct
195|00073416020054|073416020054|Lundberg|Lundberg Risotto Butternut Squash
196|00074699030167|074699030167|Twin Dragon|Twin Dragon Cookies Almond Chinese Style
197|00015000070038|015000070038|Gerber|Gerber Multigrain Cereal
198|00749826539010|749826539010|Pure Protein|Pure Protein Soft Baked Protein Bar Double Double Chocolate Vanilla Crunch
199|00792850233997|792850233997|Burt's Bees|Burt's Bees Green Tea & Lemongrass Hand Soap
200|00074401760320|074401760320|Riceselect|Rice Select Royal Blend Whole Grain
201|00025800023196|025800023196|Weight Watchers|Weight Watchers Smart Ones Smart Delights Strawberry Shortcake - 4 Ct
202|00030000065075|030000065075|Cap'n Crunch|Cap'n Crunch's Peanut Butter Crunch Cereal
203|00073490129414|073490129414|Kedem|Kedem Kids Animal Cookies
204|00051141915302|051141915302|Scotch|Scotch Duct Tape Pearl White
205|00075717952089|075717952089|Rienzi|Rienzi White Clam Italian Style Pasta Sauce
206|00020662000040|020662000040|Newman's Own|Newman's Own Lite Italian Dressing
207|00039978007506|039978007506|Bobs Red Mill|Flour Gf Meal Hzlnut
208|00731493040005|731493040005|Graeter's|Graeter's Ice Cream Peppermint Stick
209|00014100074472|014100074472|Pepperidge Farm|Pepperidge Farm Entertaining Quartet Distinctive Crackers
210|00898425001050|898425001050|Lifestyle Foods|Lifestyle Foods Salad Blt With Ranch
211|00810757010203|810757010203|Bonta D' Italia|Schar Bonta D' Italia Anellini Gluten-free
212|00879890000113|879890000113|Crunchmaster|Crunchmaster Multi-grain Sea Salt Crackers
213|00041200097018|041200097018|Jays|Jays Pork Skins
214|00028989491923|028989491923|Morningstar|Morningstar Farms Grillers California Turk'y Veggie Burgers - 4 Ct
215|00744473470334|744473470334|So Delicious|So Delicious Dairy Free Coconut Milk Frozen Dessert Coconut
216|00037000071297|037000071297|Head & Shoulders|Head & Shoulders 2 In1 Smooth & Silky Dandruff Shampoo + Conditioner
217|00727806012289|727806012289|Dominex|Dominex Veggie Fries Italian Style Eggplant Fries
218|00023923330054|023923330054|Earth's Best|Earth's Best Organic Stage 2 Orange Banana Baby Food Puree
219|00720947004359|720947004359|Soft & Precious|Soft Precious Lavender & Chamomile Nursery Jelly
220|00792850320994|792850320994|Burt's Bees|Burt's Bees Naturally Ageless Line Diminishing Day Lotion
221|00083322015815|083322015815|Alpina|Alpina Revive Blueberry Non-fat Greek Yogurt + Antioxidant Berries
222|00605806028243|605806028243|Green Giant|Green Giant Fresh Rosemary
223|00023700014054|023700014054|Tyson|Tyson Any'tizers Chicken Bites Boneless Buffalo Style
224|00078300057857|078300057857|Playtex|Playtex Nurser Naturalatch Silicone Nipples 3m+
225|00058449860037|058449860037|Envirokidz|Envirokidz Organic Koala Crisp Cereal
226|00060795871933|060795871933|Chef Express|Chef Express Pork Back Ribs Fully Cooked
227|00898115002329|898115002329|Zarbee's|Zarbee's Naturals Children's Cough Syrup Nighttime Natural Grape Flavor
228|00052100005089|052100005089|Mccormick|Mccormick Celery Salt
229|00044000022822|044000022822|Ritz|Nabisco Ritz Crackerfuls Classic Cheddar Filled Crackers - 6 Ct
230|00051700756834|051700756834|Finish|Jet-dry Finish Rinse Agent Green Apple Scent
231|00014800645323|014800645323|Hawaiian Punch|Hawaiian Punch Lemon Berry Squeeze - 6 Pk
232|00043194385737|043194385737|Scunci|Scunci No-slip Grip  Evolution Hair Ties Assorted Colors - 28 Ct
233|00829274007108|829274007108|Meow Mix|Meow Mix Kitten Li'l Nibbles
234|00799210434018|799210434018|Bionaturae|Bionaturae Organic Spaghetti Gluten Free
235|00021000006892|021000006892|Kraft|Kraft Philadelphia Italian Cheese & Herb Cooking Creme
236|00041520875983|041520875983|Companion|Companion Cat Toy Mouse Duo - 2 Ct
237|00856414001092|856414001092|Mayte|Mayte Platanitos Plantain Chips Garlic
238|00070670000495|070670000495|Reese|Reese Whole Water Chestnuts
239|00025484006898|025484006898|Nasoya|Nasoya Tofu Plus Organic Tofu Firm
240|00613008733155|613008733155|Arizona|Arizona Arnold Palmer Lite Half & Half Green Tea Lemonade
241|00310742016574|310742016574|Softlips|Softlips Cube Lip Protectant Pomegranate Blueberry
242|00021131350277|021131350277|Marie Callender's|Marie Callender's Hearty Three Meat Marinara Bake
243|00074182289195|074182289195|Softsoap|Softsoap Body Butter Strawberry Smoother Body Smoothing Wash
244|00041520021878|041520021878|Companion|Ahold Companion Smoky Hambone
245|00688267007538|688267007538|Pure Power|Pure Power Tall Kitchen Bags Handle Tie 13 Gal - 26 Bags
246|00075050006241|075050006241|House Of Tsang|House Of Tsang Flavoring Oil Pure Sesame Seed Oil
247|00052500024031|052500024031|Sauer's|Sauer's Slow Cooker Mix Chili
248|00075609191619|075609191619|Olay|Olay Fresh Effects S'wipe Out! Refreshing Make-up Removal Cloths 20 Count
249|00242008000006|242008000006|Hp Cookie Company|Hp Cookie Company Fancy Cookie Mix
250|00058496019525|058496019525|Pedigree|Pedigree Jumbone Small/medium Snack Food For Dogs - 2 Ct
251|00071153785731|071153785731|Stp|Stp Gas Treatment
252|00024000522539|024000522539|Del Monte|Del Monte Diced Apples & Pears In Extra Light Syrup With Caramel Flavor - 4 Ct
253|00037014242492|037014242492|Endangered Species|Endangered Species Chocolate Milk Chocolate With Almonds Bar Natural - Sandhill Crane
254|00688267033742|688267033742|Ahold|Ahold Conversation Hearts Candy
255|00000000000000|000000000000|Reddi Gourmet|Reddi Gourmet Chicken Breast Italian Style Panko Breaded Boneless Skinless - 4 Ct
256|00041548751504|041548751504|Edy's|Edy's Outshine Fruit Bars Mango - 6 Ct
257|00034000114221|034000114221|Hershey's|Hershey's Special Dark Pieces Dark Chocolate
258|00031604026622|031604026622|Nature Made|Nature Made Fish Oil Liquid Softgels 1000mg - 90 Ct
259|00041520879806|041520879806|Careone|Careone Clifford The Big Red Dog Chunky Grip Toothbrush Extra Soft
260|00610358991020|610358991020|Deerfields Gluten Free|Triple Chip Gluten Free Cookies
261|00041520012807|041520012807|Companion|Companion Dog Toy Plush Bone Puppy Toy With Squeaker
262|00761809039089|761809039089|Firstline|Firstline Evolve Conditioning Cap Platinum
263|00044224023841|044224023841|Afterbite|Afterbite The Itch Eraser Soothing Cream Kids
264|00705105512419|705105512419|Flavrz|Flavrz Tropica Drink Mix Pouches - 6 Ct
265|00014100089476|014100089476|Pepperidge Farm|Pepperidge Farm Baked Naturals Sesame Sticks
266|00077260092021|077260092021|Russell Stover|Russell Stover Assorted Fine Chocolates
267|00041780001566|041780001566|Utz|Utz Kettle Classics Maui Bbq Crunchy Potato Chips
268|00070074580500|070074580500|Pediasure|Pediasure Shake Vanilla - 6 Ct
269|00011509003676|011509003676|Vagisil|Vagisil Medicated Anti-itch Creme Regular Strength
270|00717489750028|717489750028|Milani|Milani Illuminating Face Powder #02 Hermosa Rose
271|00052100107790|052100107790|Mccormick|Mccormick Chili Tex-mex Seasoning Mix
272|00092630010009|092630010009|Mother's Cupboard|Mother's Cupboard Chocolate Chip Cookie Dough
273|00718122681723|718122681723|Lillie Q's|Lillie's Q Barbeque Sauces & Rubs Hot Smoky
274|00028400056588|028400056588|Lay's|Lay's Potato Chips Classic - 6 Ct
275|00024100704965|024100704965|Cheez-it|Cheez-it Baked Snack Crackers White Cheddar
276|00041520203557|041520203557|Giant|Giant Roasted No Salt Peanuts
277|00072900000497|072900000497|Rubinstein's|Rubinstein's Wild Alaska Red Salmon
278|00688267091025|688267091025|Ahold|Ahold Quiche Lorraine
279|00761318046998|761318046998|Revlon|Revlon Coutoure Hair Accessories Elastics - 9 Ct
280|00079927020217|079927020217|Unique|"Unique ""splits"" Split-open Pretzel Extra Dark"
281|00022796918741|022796918741|Ogx|Ogx Body Wash Hydrating Argan Oil Of Morocco
282|00028400028196|028400028196|Doritos|Doritos Nacho Cheese Tortilla Chips
283|00183791000012|183791000012|Weight Watchers|Weight Watchers Bread 100% Whole Wheat
284|00893772001033|893772001033|Wrench|Wrench Mints Sugar-free Candy Cane Peppermint Flavor Box
285|00312843541207|312843541207|Phillips|Phillips' Colon Health Daily Probiotic Supplement Capsules - 60 Ct
286|00070670008231|070670008231|Davinci|Davinci Sun Dried Tomato Pesto
287|00341520319594|341520319594|Careone|Careone Medicated Jock Itch Spray
288|00028400071864|028400071864|Ruffles|Ruffles Baked! Cheddar & Sour Cream Potato Crisps
289|00305210013001|305210013001|Pond's|Pond's Cold Cream Cleanser
290|00078000019636|078000019636|Schweppes|Schweppes Sparkling Seltzer Water Orange - 12 Ct
291|00020662003461|020662003461|Newman's Own|Newman's Own Dressing Lite Sun Dried Tomato
292|00688267001161|688267001161|Acadia|Acadia Sparkling Spring Water Raspberry Lime - 6 Pk
293|00023923700284|023923700284|Earth's Best|Earth's Best Organic Stage 3 Spring Vegetable & Pasta
294|00818512014053|818512014053|Sprout|Sprout Organic Toddler Puree Tropical Oatmeal With Greek Yogurt
295|00084253284264|084253284264|Imagine|Almond Dream Vnla Bite
296|00043168908795|043168908795|Ge|Ge Soft White 40 Watts Decorative Light Bulb
297|00309972330109|309972330109|Revlon|Revlon 33010 Toenail Clip
298|00884912113139|884912113139|Bran Flakes|Post Bran Flakes Cereal
299|00072140015633|072140015633|Nivea|Nivea A Kiss Of Care & Color Lip Care Sheer Caramel
300|00747599607646|747599607646|Ghirardelli|Ghirardelli Chocolate Milk & Carmel Bar
301|00835143001832|835143001832|Ito En|Ito En Oi Ocha Dark Green Tea Unsweetened
302|00012587701294|012587701294|Glad|Glad Family Size Containers - 3 Ct
303|00897034002205|897034002205|Nature's Earthly Choice|Nature's Earthly Choice Three Continent Blend
304|00688267099182|688267099182|Ahold|Ahold  White Bread Dough - 5 Ct
305|00041224766723|041224766723|Roland|Roland Extra Virgin Olive Oil Sicilian
306|00026200762357|026200762357|Slim Jim|Slim Jim Smokehouse Tender Steak Strips Kickin' Carne Asada
307|00659781566269|659781566269|Juven|Juven Tissue Building Powder Packets Orange - 8 Ct
308|00021000024841|021000024841|Kraft|Kraft Singles Reduced Fat Cheese White American - 16 Ct
309|00847388061083|847388061083|Categories|Categories Catnip Filled Kitty Condor Catnip Cuddler
310|00071524162536|071524162536|La Preferida|La Preferida Jalapeno Nacho Slices Mild
311|00070640034024|070640034024|Blue Bunny|Blue Bunny Ice Cream Homemade Vanilla
312|00076084002100|076084002100|Barney's|Barney's Egg Rolls - 12 Ct
313|00013800232809|013800232809|Stouffer's|Stouffer's Chicken Parmigiana Dinner Large Family Size
314|00654749351802|654749351802|Avalon Organics|Avalon Organics Bath & Shower Gel Lavender
315|00037000262213|037000262213|Luvs|Luvs Ultra Leakguards Size 1 Diapers - 50 Ct
316|00032601055615|032601055615|Earthbound Farm|Earthbound Farm Organic Apple Crunchers Cinnamon
317|00012587701119|012587701119|Glad|Glad Big Bowl Containers & Lids - 3 Ct
318|00021664353837|021664353837|Gazillion Bubbles|Gazillion Bubbles
319|00044000031596|044000031596|Triscuit|Nabisco Triscuit Brown Rice Wheat Crackers Roasted Sweet Onion
320|00756184101780|756184101780|Little Remedies|Little Remedies For Fevers Children's Fever/pain Reliever Grape Flavor
321|00814832010959|814832010959|Pedia Care|Pediacare Children Pain Reliever Fever Reducer Grape Flavor
322|00041000005466|041000005466|Wish-bone|Wish-bone Honey Dijon Dressing Light
323|00031604040444|031604040444|Nature Made|Nature Made Multi Complete Dietary Softgels Original Formula - 60 Ct
324|00070272232041|070272232041|Reddi Wip|Reddi Wip Dairy Whipped Topping Original
325|00050000397600|050000397600|Nestle|Nestle Hot Cocoa Mix - 6 Ct
326|00047800330319|047800330319|B&m|B&m Vegetarian Baked Beans
327|00058449771036|058449771036|Nature's Pride|Nature's Path Organic Smart Bran With Psyllium & Oatbran
328|00075140005154|075140005154|Crystal Geyser|Crystal Geyser Natural Alpine Spring Water
329|00041520035486|041520035486|Careone|Careone Moisturizing Body Wash Tahitian Coconut
330|00767387034010|767387034010|Dreamfields|Dreamfields Angel Hair Pasta
331|00076410900186|076410900186|Lance|Lance Captain's Wafers Four Cheese Crackers - 8 Ct
332|00878326000116|878326000116|Land O'lakes|Land O'lakes Cocoa Classics Hazelnut & Chocolate Hot Cocoa Flavored Mix
333|00078522021162|078522021162|Jason|Jason Pure Natural Body Wash Revitalizing Citrus
334|00078000156461|078000156461|Canada Dry|Canada Dry Cranberry Ginger Ale Caffeine Free
335|00688267097201|688267097201|Ahold|Ahold Cola Diet - 12 Ct
336|00786306398439|786306398439|Smartykat|Smartykat Lil'freshy Litter Box Deodorizer
337|00731509581096|731509581096|Kiss|Kiss Nail Dress Retro French Or Full Strips - 22 Ct
338|00049000001938|049000001938|Tab|Tab - 6 Pk
339|00041780001146|041780001146|Utz|Utz Kettle Classics Potato Chips Crunchy
340|00072838310330|072838310330|Pilot|Pilot G2 Premium Gel Roller Fine 0.7mm Red Ink - 2 Ct
341|00023923200234|023923200234|Earth's Best|Earth's Best Organic Stage 3 Bananas & Strawberries
342|00077652082555|077652082555|Stash|Stash Premium Peach Black Tea Bags - 20 Ct
343|00049000014631|049000014631|Coca-cola|Coca-cola - 20 Ct
344|00071859151373|071859151373|Kaytee|Kaytee Sunflower Sensation Suet
345|00886973215425|886973215425|Sony Music|Superstar Christmas Cd
346|00030878145244|030878145244|Ge|Ge Charging Station 2 Usb/2 Ac Outlets
347|00011206212135|011206212135|Smarties|Smarties Candy Rolls
348|00069276070933|069276070933|Patak's|Patak's Tastes Of India Complete Meals Lentil Curry With Rice Dal Makhani Medium
349|00037000281887|037000281887|Crest|Crest Pro-health Soothing Smooth Mint Clinical Gum Protection Fluoride Toothpaste
350|00012000286223|012000286223|Pure Leaf|Pure Leaf Raspberry Flavor Real Brewed Tea
351|00073410138502|073410138502|Brownberry|Brownberry Healthfull 10 Grain Bread
352|00817939013427|817939013427|Method|Method Power Foam Dish Soap Pink Grapefruit
353|00040000006039|040000006039|3 Musketeers|3 Musketeers Chocolate Candy Bar
354|00075900005585|075900005585|Bob Evans|Bob Evans Tasteful Sides Glazed Apples
355|00688267020629|688267020629|Ahold|Ahold Sour Cream
356|00070450032609|070450032609|Diamond|Diamond Shelled Walnuts
357|00070470003009|070470003009|Yoplait|Yoplait Original 99% Fat Free Strawberry Low Fat Yogurt
358|00899843002117|899843002117|Homeostasis Labs|Homeostasis Labs 100% Natural Allergy Relief Homeopathic Medicine Tablets - 50 Ct
359|00038000737381|038000737381|Nutri-grain|Kellogg's Nutri-grain Fruit & Oat Harvest Bars Country Strawberry - 5 Ct
360|00012000377747|012000377747|Sierra Mist|Sierra Mist Natural Caffeine Free Lemon-lime Soda - 24 Ct
361|00075609190445|075609190445|Olay|Olay Soothing Cucumber Body Lotion 11.8 Fl Oz
362|00048685501023|048685501023|Healthy Times|Healthy Times Baby's Herbal Garden Sweet Violet Baby Lotion
363|00757037000090|757037000090|Oxi Clean|Oxi Clean Laundry Detergent Free - 74 Loads
364|00040600327800|040600327800|I Can't Believe It's Not Butter|I Can't Believe It's Not Butter! Deliciously Simple 70% Vegetable Oil Spread
365|00038000318443|038000318443|Rice Krispies|Kellogg's Cereal Rice Krispies
366|00076950450431|076950450431|Yogi|Yogi Women's Raspberry Leaf Tea
367|00038785353011|038785353011|Aussie|Aussie Moist Shampoo
368|00897415002336|897415002336|Sprout|Sprout Organic Baby Food Whole Grain Oatmeal Cereal For Infants & Toddlers
369|00071249230107|071249230107|L'oreal Paris|L'oreal Paris Feria Permanent Haircolour Gel Light Brown 60 Natural
370|00710363581688|710363581688|Well Roots|Well Roots Liquid Soft-gels Testosterone Formula For Men - 30 Ct
371|00050000585014|050000585014|Friskies|Purina Friskies Rise & Shine Cat Food Sunny Chicken & Egg Scramble
372|00634418625526|634418625526|Albanese|Albanese Wild Thing Sour Gummi Worms
373|00023400419104|023400419104|Combat|Combat Source Kill Small Roach Advanced Formula Bait Stations - 12 Ct
374|00310119035863|310119035863|Bausch + Lomb|Bausch + Lomb Biotrue Multi-purpose Contact Solution
375|00033200186243|033200186243|Arm & Hammer|Arm & Hammer Advance White Brilliant Sparkle Fluoride Anti-cavity Gel Toothpaste
376|00856820160093|856820160093|Steaz|Steaz Zero Calorie Iced Teaz Half & Half Green Tea With Lemonade
377|00048526057054|048526057054|Nuby|Nuby Prism Orthodontic Pacifier 6-12m - 2 Ct
378|00041710112881|041710112881|Crush|Crush Caffeine Free Orange Soda
379|00688267033216|688267033216|Ahold|Ahold Citrus Pops Assorted - 24 Ct
380|00074170302028|074170302028|Sally Hansen|Sally Hansen Airbrush Shimmer For All Skin Tones
381|00041520894014|041520894014|Smart Living|Smart Living Pink Eraser Caps - 12 Ct
382|00739510003989|739510003989|Sobe|Sobe Lifewater Mango Mandarin Coconut Water Beverage
383|00010181045011|010181045011|Palmer's|Palmer's Cocoa Butter Formula With Vitamin E Night Renewal Cream
384|00016000426832|016000426832|Betty Crocker|Betty Crocker Roasted Garlic Mashed Potatoes
385|00043168762410|043168762410|Ge|Ge Bulb Crystal Clear Candalabra Base - 40 Watt
386|00074312140204|074312140204|Nature's Bounty|Nature's Bounty Dietary Capsules Cinnamon 1000 Mg - 100 Ct
387|00736547566722|736547566722|Roth|Roth Buttermilk Blue Cheese
388|00072655405103|072655405103|Healthy Choice|Healthy Choice Top Chef Inspired Cafe Steamers Chicken Linguini With Red Pepper Alfredo
389|00715856000004|715856000004|Farmer's Best|Mangos
390|00743002760243|743002760243|Ihop|Ihop At Home Breakfast Sandwich Griddle N' Sausage - 4 Ct
391|00636412012067|636412012067|American Craft|Appalachian Brewing Co. American Craft Root Beer - 6 Pk
392|00093966221015|093966221015|Organic Valley|Organic Valley Neufchatel Cheese Organic
393|00310310339739|310310339739|Orajel|Orajel Fluoride-free Sesame Street Training Toothpaste Berry Fun
394|00012511202316|012511202316|Wholesome Sweeteners|Agave Blue Org
395|00857063002416|857063002416|Saffron Road|Chickpea Chipotle
396|00041780001085|041780001085|Utz|Utz Potato Chips Salt & Pepper Family Size
397|00022700185580|022700185580|Covergirl|Covergirl Clean Invisible Concealer 115 Fair
398|00022000123169|022000123169|Skittles|Skittles Original Bite Size Candies Fun Size
399|10054800351838|054800351838|Uncle Ben's|Uncle Ben's Naturel Wild Red Whole Grain Blend
400|00089836188434|089836188434|Simply Organic|Simply Organic Certified Organic Creamy Dill Dip Mix
401|00078895700015|078895700015|Lee Kum Kee|Lee Kum Kee Hoisin Sauce
402|00041457460238|041457460238|Goody|Goody Classics Bobby Slides - 6 Ct
403|00077234056547|077234056547|Spot|Spot Seek-a-treat Shuffle Bone Dog Iq Puzzle
404|00041520029591|041520029591|Careone|Careone Moisturizing Cream
405|00037323114411|037323114411|Musselman's|Musselman's Cinnamon Fat Free Apple Sauce - 6 Pk
406|00756963170211|756963170211|Rustic Bakery|Rustic Bakery Sourdough Flatbread Olive Oil & Sel Gris
407|00688267073403|688267073403|Ahold|Ahold Tomato Ketchup
408|00894700010496|894700010496|Chobani|Chobani Champions Low-fat Greek Yogurt Very Berry - 4 Ct
409|00048526098866|048526098866|Nuby|Nuby No-spill Flex Straw Cup Step 3 - 12m+
410|00016000413689|016000413689|Nature Valley|Nature Valley Granola Thins Dark Chocolate - 18 Ct
411|00851076003002|851076003002|Oasis|Oasis Age Essential Antiplaque/antigingivitis Mouthwash
412|00043000028025|043000028025|South Beach Living|Kraft South Beach Living S'mores Granola Bars
413|00688267097164|688267097164|Ahold|Ahold Dr. Bob Soda  - 12 Ct
414|00022796914422|022796914422|Ogx|Ogx Sunkissed Blonde Lemon Highlights Conditioner
415|00070617001554|070617001554|Barbara's|Barbara's Snackimals Animals Cookies Vanilla
416|00012587600320|012587600320|Glad|Glad Extra Wide Seal Gallon Storage Zipper Bags - 40 Ct
417|00045885394011|045885394011|Trois Petits Cochons|Trois Petits Cochons Mousse Truffee Pork & Chicken Liver
418|00071448303107|071448303107|Alouette|Alouette Blue Cheese Crumbled
419|00036000114249|036000114249|Viva|Viva Accents Big Roll Towels
420|00044000029937|044000029937|Honey Maid|Nabisco Honey Maid Lil' Squares Honey Grahams
421|00341520313677|341520313677|Careone|Careone Stool Softener Capsules 100 Mg - 100 Ct
422|00070596003655|070596003655|Long Aid|Long Aid Original Gel In A Jar Activator Gel
423|00688267132797|688267132797|Ahold|Ahold Baking Cups Pastel - 50 Ct
424|00036200083543|036200083543|Bertolli|Bertolli Complete Skillet Meal For Two Chicken Marsala & Roasted Redskin Potatoes
425|00041570109106|041570109106|Blue Diamond|Blue Diamond Almonds Artisan Nut-thins Multi-seeds Cracker Snacks
426|00041520863638|041520863638|Careone|Careone Vitamin E Cream Moisturizer
427|00027917018904|027917018904|Vitafusion|Vitafusion Fiber Well Gummies Peach, Strawberry, Blackberry - 90 Ct
428|00782405440024|782405440024|Gringo Jack's|Gringo Jack's Whiskey Bbq Sauce Medium
429|00852697001293|852697001293|Happy Tot|Happy Tot Organic Superfoods Spinach, Mango & Pear
430|00688267059957|688267059957|Ahold|Ahold Butter Popcorn 94% Fat Free Microwave - 4 Ct
431|00818290012043|818290012043|Chobani|Chobani Low-fat Greek Yogurt Champions Tubes Jammin' Strawberry - 8 Ct
432|00032917001696|032917001696|Traditional Medicinals|Traditional Medicinals Laxative Teas Organic Smooth Moves Chocolate Tea Bags - 16 Ct
433|00016000456822|016000456822|Fiber One|Fiber One Chewy Bars Protein Peanut Butter - 5 Ct
434|00028400035095|028400035095|Tostitos|Tostitos Dip Creations Fresh Made Guacamole Seasoning Mix
435|00079567300014|079567300014|Wd-40|Wd-40 Specialist Water Resistant Silicone Lubricant
436|00071573123984|071573123984|Pennsylvania Dutch|Pennsylvania Dutch Diet Birch Beer Caffeine Free
437|00071249173749|071249173749|L'oreal Paris|L'oreal Paris Healthy Look Creme Gloss Color 8 Medium Blonde/vanilla Creme
438|00072180567604|072180567604|Red Baron|Red Baron Feasts For One Super Slice 4-cheese Pizza
439|00309972818188|309972818188|Revlon|Revlon Colorburst 018 Fire Lipgloss
440|00041554283457|041554283457|Maybelline|Maybelline Colorsensational Lipcolor Mauve It Up
441|00765847000322|765847000322|Complete Recipe|Complete Recipe Gingerbread Cut Out Cookies - 10 Ct
442|00692752200014|692752200014|Nutiva|Nutiva Organic Extra Virgin Coconut Oil
443|00049000054323|049000054323|Diet Coke|Diet Coke Caffeine Free - 8 Ct
444|00037000862253|037000862253|Pampers|Pampers Baby Dry Diapers Size 5 - 78 Ct
445|00688267076763|688267076763|Ahold|Ahold 100% Lemon Juice
446|00022000004888|022000004888|Wrigley's|Wrigley's Orbit Wintermint Sugarfree Gum - 14 Ct
447|00722252167415|722252167415|Clif|Clif Builder's Snack Size 10g Protein Bar Chocolate Peanut Butter - 10 Ct
448|00070631044131|070631044131|Slipx|"Slipx Solutions Essential Bath Mat 17' X 25"""
449|00072392330041|072392330041|My-t-fine|My-t-fine Pudding & Pie Filling Chocolate
450|00013286263236|013286263236|American Greetings|American Greetings Holiday Cards Santa & Snowmen - 16 Ct
451|00072655405875|072655405875|Healthy Choice|Healthy Choice Cafe Steamers Crustless Chicken Pot Pie
452|00041322102522|041322102522|Seapak|Seapak Shrimp Scampi
453|00186852000006|186852000006|Talenti Gelato|Talenti Fudge Brownie Gelato
454|00025800023479|025800023479|Weight Watchers Smart Ones|Weight Watchers Smart Ones Key Lime Pie - 2 Ct
455|00039800102010|039800102010|Energizer|Energizer Compact Led Light
456|00077644901413|077644901413|Francesco Rinaldi|Francesco Rinaldi Chunky Garden Tomato, Garlic & Onion Pasta Sauce
457|00044000029524|044000029524|Oreo|Nabisco Oreo Double Stuff Sandwich Cookies - 8 Ct
458|00076963519828|076963519828|Green Acres|Green Acres Mixed Fruit
459|00052500050559|052500050559|Duke's|Duke's Mayonnaise Light
460|00042421500639|042421500639|Boar's Head|Boar's Head Boneless Smoked Ham Steak
461|00735006000234|735006000234|Clawson|Clawson Lemon Zest White Stilton With Lemon Peel
462|00032700130626|032700130626|Hartz|Hartz Angry Birds Wand Cat Toy
463|00738203101117|738203101117|California Sun-dry|California Sun Dry Sun-dried Tomatoes Halves With Herbs
464|00072140003043|072140003043|Eucerin|Eucerin Daily Replenishing Moisturizing Lotion
465|00043000040287|043000040287|Crystal Light|Crystal Light Pure Lemonade Naturally Sweetened Drink Mix - 7 Ct
466|00060795998753|060795998753|Palermo Bakery|Palermo Bakery Glazed Donuts - 3 Ct
467|00020000110318|020000110318|Green Giant|Green Giant Cut Green Beans - 4 Pk
468|00078347752302|078347752302|Nature's Gate|Nature's Gate Body Wash Velvet Moisture Acai
469|00013562300587|013562300587|Annie's Homegrown|Annie's Homegrown Organic Pretzel Bunnies
470|00013000006491|013000006491|Jack Daniel's|Jack Daniel's Barbecue Sauce Steakhouse
471|00072140005108|072140005108|Nivea|Nivea A Kiss Of Milk & Honey Lip Care
472|00816526010009|816526010009|St. Joseph|St. Joseph Enteric Safety Coated Aspirin Tablets - 36 Ct
473|00096002001008|096002001008|Softee|Softee Protein Styling Gel Extra Hold
474|00688267018596|688267018596|Companion|Companion Wild Bird Food Songbird
475|00063435891001|063435891001|Scotties|Scotties 2 Ply Facial Tissues - 120 Ct
476|00833735000720|833735000720|Quorn|Quorn Spaghetti & Meatless Meatballs Meatless & Soy Free
477|00012292847492|012292847492|Niagara|Niagara Solid Milk Chocolate Rabbit
478|00088194340027|088194340027|Brown Cow|Brown Cow Cream Top Yogurt Vanilla All Natural
479|00762675710010|762675710010|Antonio Mozzarella Factory|Antonio Mozzarella Factory Marinated Mozzarella All Natural
480|00021000644711|021000644711|Kraft|Kraft Anything Dressing Roka Blue Cheese
481|00814832011246|814832011246|Pedia Care|Pedia Care Gas Relief Drops
482|00375137541109|375137541109|Oxipor|Oxipor Vhc Psoriasis Lotion
483|00017000090382|017000090382|Dial|Dial For Men Odor Armor Antibacterial Soap Bars - 3 Ct
484|00031604028619|031604028619|Nature Made|Nature Made Full Strength Minis Multi Complete Dietary Supplement Softgels - 60 Ct
485|00885131628138|885131628138|Nuk|Nuk Trendline Orthodontic Pacifier - 0-6m
486|00036000385557|036000385557|Kleenex Cottonelle|Kleenex Cottonelle Cleancare Toilet Paper Double Rolls - 6 Ct
487|00075810023259|075810023259|San-j|San-j Tamari Gluten Free Soy Sauce Reduced Sodium
488|00077661139516|077661139516|Litehouse|Litehouse Opa Greek Style Yogurt Dressing Feta Dill
489|00662166200085|662166200085|Usda Produce|Organic Cranberries
490|00820838000030|820838000030|Usda Produce|Organic Cranberries
491|00016044912346|016044912346|Giant|Giant Chocolate Icing & Rainbow Sprinkles Cake Donuts - 6 Pk
492|00077975080085|077975080085|Snyder's Of Hanover|Snyder's Of Hanover Thins Pretzel The Pounder
493|00049733830119|049733830119|Cholula|Cholula Chipotle Hot Sauce
494|00043180147042|043180147042|Ge|Ge Surge Protector, 3 Grounding Outlets 660 Joules Grey
495|00073149121066|073149121066|Sterilite|Sterilite Ultra Hiphold Laundry Basket Seashell - 1.25 Bushel
496|00678523010471|678523010471|Glutino|Glutino Gluten Free Sensible Beginnings Corn Rice Flakes
497|00722648654055|722648654055|Superior|Superior Nut & Candy Raw Whole Almonds
498|00041331049825|041331049825|Goya|Goya Wafers Mango
499|00041554275841|041554275841|Maybelline|Maybelline Dream Bouncy Blush 05 Fresh Pink
500|00688267075322|688267075322|Ahold|Ahold Yellow Mustard
501|00688267066535|688267066535|Ahold|Ahold Chunky Chicken Noodle Soup
502|00017077410168|017077410168|Lifeway|Lifeway Frozen Kefir Green Tea Raspberry - 6 Ct
503|00037000167709|037000167709|Old Spice|Old Spice Red Zone Swagger Body Wash
504|00041520863614|041520863614|Cottontails|Cottontails 10-second Digital Thermometer
505|00073711415524|073711415524|S. Rosen's|S. Rosen's Rye Bread Bohemian Style Unseeded
506|00657622409812|657622409812|Honest Tea|Honest Tea Brewed Organic Black Tea Unsweet Lemon
507|00041000119194|041000119194|Lipton|Lipton Diet Raspberry Sugar Free Iced Tea Mix
508|00606274325759|606274325759|Vermont|Vermont Real Sticks Beef & Pork Chipotle Stick
509|00829696000374|829696000374|Wild Planet|Wild Planet Wild Pink Shrimp
510|00381370082569|381370082569|Johnson's|Johnson's Safety Swabs - 55 Ct
511|00079400416704|079400416704|Degree|Degree Men Clinical Protection Clean Trisolid Deodorant
512|00074170414455|074170414455|Sally Hansen|Sally Hansen I Heart Nail Art Fine Pen 320 Yellow
513|00688267145308|688267145308|Cottontails|Cottontails Diapers Size 1
514|00892773000734|892773000734|Angie's|Angie's Small Batch Kettle Corn Classic Sweet & Salty
515|00043168661041|043168661041|Ge|Ge Crystal Clear Decorative Ca Type Candelabra Base Bulbs 25w - 2 Ct
516|00635985259480|635985259480|Mike's|Mike's Harder Lemonade Black Cherry Lemonade Flavor - 12 Ct
517|00074584400266|074584400266|Libby's|Libby's Tropical Sliced Mango
518|00024131168026|024131168026|Farberware|Farberware Professional Stainless Steel Pie Server
519|00328785957211|328785957211|Braun|Braun Thermoscan Lens Filters - 40 Ct
520|00781421004180|781421004180|La Brea Bakery|La Brea Bakery Whole Grain Loaf
521|00022000014245|022000014245|Eclipse|Eclipse Sugar Free Gum Pieces Spearmint - 180 Ct
522|00816559011189|816559011189|Alberto Vo5|Alberto Vo5 Moisture Milks Moisturizing Conditioner Strawberries & Cream
523|00021000602698|021000602698|Kraft|Kraft Deli Deluxe American Cheese Slices - 24 Ct
524|00208205400001|208205400001|Ahold|Ahold Young Turkey
525|00010900000185|010900000185|Reynolds Wrap|Reynolds Wrap 200 Sq Ft Aluminum Foil
526|00076050170260|076050170260|Paesana|Paesana Tomato Sauce Puttanesca
527|00827444000324|827444000324|Blink|Blink Contacts Lubricating Eye Drops
528|00039400015925|039400015925|Bush's|Bush's Homestyle Baked Beans
529|00028000178253|028000178253|Raisinets|Nestle Dark Chocolate Raisinets California Raisins
530|00081652051756|081652051756|Kabuto|Kabuto Ready-mix Wasabi
531|00051000058874|051000058874|Campbell's|Campbell's Healthy Request Tomato Condensed Soup
532|00031493150002|031493150002|Rudi's|Rudi's Organic Bakery Sandwich Flatz 100% Whole Wheat Organic - 8 Ct
533|00028364216622|028364216622|Premio|Premio Hot Italian Sausage With Real Crusted Red & Black Pepper
534|00311017318805|311017318805|Dr Scholl's|Dr. Scholl's Ingrown Toenail Pain Reliever
535|00071068041267|071068041267|State Fair|State Fair Corn Dogs Beef - 5 Ct
536|00718334337845|718334337845|Desert Essence|Desert Essence Coconut Shampoo
537|00688267066146|688267066146|Nature's Promise|Nature's Promise Trail Mix & Snacks Wasabi Peas
538|00089836185242|089836185242|Simply Organic|Simply Organic Certified Organic Peppercorns Black
539|00031290035144|031290035144|Godiva|Godiva Milk Chocolate Caramels
540|00032700134600|032700134600|Hartz|Hartz Dentist's Best Dental Powder For Dogs & Cats
541|00037000485636|037000485636|Cascade|Cascade Dishwasher Detergent Pacs Fresh Scent - 48 Ct
542|00753182242613|753182242613|Hometown Bagel|Hometown Bagel Chicago Style Bagel Chips Sea Salt
543|00070847014171|070847014171|Monster|Monster Energy Drink Lo-carb Energy Mini's - 12 Ct
544|00616618020165|616618020165|Marco Polo|Marco Polo Golden Rusk Rye With Sesame Seed Toast
545|00019200028455|019200028455|Lysol|Lysol Spring Waterfall Scent Disinfectant Spray
546|00688267140792|688267140792|Ahold|Ahold Gum Drops Candy
547|00041457881705|041457881705|Goody|Goody Ouchless Tangle-free Inner Cushion Brush
548|00028367831518|028367831518|Kiss My Face|Kiss My Face Moisturizer Lavender Shea
549|00072655458451|072655458451|Healthy Choice|Healthy Choice Complete Meals Spaghetti & Meatballs
550|00718122065677|718122065677|Three Twins Ice Cream|Three Twins Ice Cream Organic Sea Salted Caramel
551|00028400027946|028400027946|9ec01921-54b8-11e0-b059-005056957023|Fritos Honey Bbq Flavor Twists Corn Snacks
552|00037600295383|037600295383|Chi-chi's|Chi-chi's Mild Thick & Chunky Salsa
553|00025800020133|025800020133|Weight Watchers Smart Ones|Weight Watchers Smart Ones Bistro Selections Chicken Fettucini
554|00044700023280|044700023280|Oscar Mayer|Oscar Mayer Center Cut Bacon Thick Sliced
555|00024000034124|024000034124|Del Monte|Del Monte Cherry Mixed Fruit In Cherry Light Syrup - 6 Ct
556|00043917564111|043917564111|Wahl|Wahl Home Products Micro Groomsman Lithium Power
557|00025000056840|025000056840|Minute Maid|Minute Maid Juices To Go Apple 100% Juice 10 Fl Oz
558|00688267018534|688267018534|Companion|Companion Wild Bird Food Premium
559|00896537001302|896537001302|Chocobutter|Chocobutter
560|00840040189224|840040189224|Reach|Reach Total Care + Whitening Toothbrush Soft
561|00811068011002|811068011002|Dr. Teal's|Dr. Teal's Foaming Bath Soothe & Sleep Lavender
562|00047834060015|047834060015|Baycliff|Baycliff Company Sushi Chef Premium Sushi Rice
563|00051141948713|051141948713|Post-it|Post-it Notes Super Sticky Jewel Pop - 3 Pk
564|00041000331091|041000331091|Lipton|Lipton Herbal Tea Bags Peppermint - 18 Ct
565|00070491522923|070491522923|Master Of Mixes|Master Of Mixes Margarita Salt
566|00632565000104|632565000104|Fiji|Fiji Water Natural Artesian - 6 Ct
567|00688267048753|688267048753|Ahold|Ahold Sliced Water Chestnuts
568|00688267004001|688267004001|Ahold|Ahold Slider Bags Quart - 20 Ct
569|00017800136402|017800136402|Purina|Purina Beneful Incredibites Dog Food
570|00045000010079|045000010079|Hostess|Hostess Cupcakes Frosted Chocolate Cake - 8 Ct
571|00028000254797|028000254797|Nescafe|Nescafe Taster's Choice Decaf House Blend Instant Coffee Packets - 20 Ct
572|00688267038198|688267038198|Ahold|Ahold Pickle Chips Hamburger Dills
573|00879183005559|879183005559|Di Bruno Bros.|Di Bruno Bros. Salted Pretzel Nuggets
574|00071262041865|071262041865|Tabatchnick|Tabatchnick Garden Fresh Vegetable Broth
575|00019600052302|019600052302|Aunt Jemima|Aunt Jemima Waffles Low Fat - 10 Ct
576|00094514428269|094514428269|Xtra|Xtra Sensitive Scents Detergent Rain Lily & Aloe - 50 Loads
577|00011156051426|011156051426|Tetley|Tetley Naturally Decaffeinated Classic Black Tea Bags - 72 Ct
578|00072140005757|072140005757|Nivea|Nivea For Men 2in1 Cool Kick Artic Freeze After Shave Gel & Moisturizer
579|00309978623038|309978623038|Revlon|Revlon Grow Luscious Plumping 223 Blackened Brown Waterproof Mascara
580|00785331055836|785331055836|Gwaltney|Gwaltney Pork Sausage Mild
581|00895591001006|895591001006|Ecosmart|Ecosmart Organic Insecticide Ant & Roach Killer
582|00009300003308|009300003308|Mt. Olive|Mt. Olive Kosher Dill Petite Snack Crunchers
583|00037000825234|037000825234|Bounty|Bounty Select-a-size Big Paper Towel Rolls White - 3 Ct
584|00300871466456|300871466456|Enfamil|Enfamil Premium Newborn N Infant Formula
585|00041333663388|041333663388|Duracell|Duracell Ion Speed 500 Battery Charger Starter Kit
586|00052100071121|052100071121|Mccormick|Mccormick Basil Leaves
587|00075609190476|075609190476|Olay|Olay Cc Cream - Total Effects Daily Moisturizer Plus Touch Of Foundation 1.7 Fl Oz
588|00070450142513|070450142513|Diamond|Diamond Shelled Pecans
589|00074200914658|074200914658|Leggs|L'eggs Everyday Q Suntan Sheer Toe Regular Pantyhose - 5 Ct
590|00071038000485|071038000485|Chock Full O'nuts|Chock Full O' Nuts 100% Colombian Ground Coffee
591|00719195376073|719195376073|Wild Delight|Wild Delight Advanced Formula Cardinal Food
592|00041457000366|041457000366|Goody|Goody Invisible Hairnets Light Brown - 3 Ct
593|00041780027146|041780027146|Utz|Utz Pretzels Football Shaped
594|00070200522060|070200522060|Marzetti|Marzetti Veggie Dip Light Dill
595|00381370039686|381370039686|Johnson's|Johnson's Baby Bedtime Lotion
596|00020700003194|020700003194|Red Rose|Red Rose Mountain Estate Original Black Tea Bags - 100 Ct
597|00028800294412|028800294412|Hanover|Hanover The Silver Line Broccoli Floret
598|00044100100727|044100100727|Hood|Hood Cultured Fat Free Buttermilk
599|00046200012177|046200012177|Covergirl|Covergirl Outlast All-day Lipcolor 517 Red Hot
600|00014500012807|014500012807|Birds Eye|Birds Eye Steamfresh Whole Grain Brown Rice
601|00033900000511|033900000511|Jones Dairy Farm|Jones Hearty Pork Sausage Links
602|00041520876621|041520876621|Careone|Careone Cocoa Butter Lotion
603|00075609600647|075609600647|Olay|Olay Regenerist Night Recovery Cream 1.7 Oz
604|00041000022531|041000022531|Knorr|Knorr Pasta Sides Alfredo
605|00027000419137|027000419137|Snack Pack|Snack Pack Chocolate Fudge Pudding - 4 Ct
606|00028400028141|028400028141|Munchies|Munchies Cheese Fix Rold Gold, Doritos, Cheetos, Sun Chips Snack Mix
607|00077260003614|077260003614|Russell Stover|Russell Stover Strawberry Cream Egg In Milk Chocolate
608|00708971916794|708971916794|Lofthouse|Lofthouse Frosted Sugar Cookies - 10 Ct
609|00071169208958|071169208958|Betty Crocker|Betty Crocker Happy Birthday Candles - 13 Ct
610|00346581700015|346581700015|Salonpas|Salonpas-hot Capsicum Patch
611|00012000018817|012000018817|Pepsi|Pepsi Max Zero Calorie
612|00038000403408|038000403408|Eggo|Kellogg's Eggo Strawberry Waffles- 10 Ct
613|00710363580384|710363580384|Applied Nutrition|Applied Nutrition Green Tea Fat Burner Dietary Supplement Tablets - 40 Ct
614|00053076103267|053076103267|Fungi Nail|Fungi Nail Maximum Strength Anti-fungal Solution
615|00020735092866|020735092866|Turkey Hill|Turkey Hill Lemonade
616|00636874090740|636874090740|Eo Products|Eo Products Shower Gel Soothing French Lavender - 16 Fl Oz
617|00071305072566|071305072566|Maier's|Maier's Premium Italian Kaiser Rolls - 8 Ct
618|00689544080336|689544080336|Fage|Fage Total 0% All Natural Mango Guanabana Nonfat Greek Strained Yogurt
619|00688267035180|688267035180|Ahold|Ahold Homestyle Mushroom Gravy
620|00041262284074|041262284074|Wise|Wise New York Deli Potato Chips Kettle Cooked Jalapeno
621|00052000131192|052000131192|Gatorade|Gatorade Fit Series 03 Recover Strawberry Banana Protein Restorative Smoothie
622|00688267122446|688267122446|Ahold|Ahold Instant Mashed Potatoes Sour Cream & Chive - 2 Ct
623|00310119032220|310119032220|Re-nu|Bausch + Lomb Re-nu Fresh Multi-purpose Solution
624|00688267141911|688267141911|Nature's Promise|Nature's Promise Milk Chocolate Sea Salt Caramels
625|00041331032469|041331032469|Goya|Goya Chicken Bouillon Powdered
626|00027000419229|027000419229|Snack Pack|Snack Pack Juicy Gels Strawberry - 4 Pk
627|00811435002176|811435002176|Chore Boy|Chore Boy Golden Fleece Scrubbing Cloths - 2 Ct
628|00787359559211|787359559211|The Better Chip|The Better Chip Corn With Sea Salt Corn Chips
629|00851087000557|851087000557|Peanut Butter & Co.|Peanut Butter & Co. All Natural Old Fashioned Peanut Butter Cookies Baking Mix
630|00013800654557|013800654557|Lean Cuisine|Lean Cuisine Culinary Collection Sesame Chicken
631|00852584000316|852584000316|The Buffalo Guys|The Buffalo Guys Ground Buffalo Burgers 1/4 Lb Ea
632|00071623479115|071623479115|Jeanmarie Creations|Jeanmarie Creations Valentine Gift Box
633|00000000004065|000000004065|Peapod|Peppers Bell Green
634|00016300153582|016300153582|Florida's Natural Growers|Donald Duck Original No Pulp 100% Pure Orange Juice
635|00051000195654|051000195654|Campbell's|Campbell's Homestyle Soup Southwest-style Potato With Green Chilies & Cheese
636|00071153785717|071153785717|Stp|Stp Fuel Injector & Carburetor Treatment
637|00031142359022|031142359022|Belgioioso|Belgioioso Parmesan Cheese Freshly Shredded
638|00688267134036|688267134036|Ahold|Ahold Cranberry Bread
639|00041520864697|041520864697|Careone|Careone Super Tampons - 20 Ct
640|00219744500008|219744500008|Usda Produce|Grapes Green Seedless Organic
641|00071463023417|071463023417|Learning Curve|Learning Curve 6+mo Stacking Cups
642|00021200010538|021200010538|Scotch|Scotch Permanent Mounting Tape
643|00024600078344|024600078344|Morton|Morton Pet Care Ice Melt Safe T Pet
644|00017873705123|017873705123|Blake's|Blake's Chicken Pot Pie
645|00073166892178|073166892178|Mee Tu|Mee Tu Wasabi Peas Specialty Asian Snax
646|00036000413175|036000413175|Goodnites|Goodnites Bedtime Underwear Boys S-m - 31 Ct
647|00000000432436|000000432436|Usda Produce|Melon Galia
648|00017400101404|017400101404|Carolina|Carolina Rice
649|00033674145005|033674145005|Nature's Way|Nature's Way Kelp 600mg Capsules - 100 Ct
650|00033776011758|033776011758|Earth Balance|Earth Balance Organic Coconut Spread
651|00015000127565|015000127565|Gerber|Gerber Smart Nourish 2nd Foods Organic Apple Sweet Potato - 2ct
652|00016000450677|016000450677|Cheerios|Cheerios Protein Cereal Cinnamon Almond
653|00042037103170|042037103170|Fiber Choice|Fiber Choice Bone Health Prebiotic Fiber Supplement Sugar-free Chewable Tablets Assorted Berry - 90 Ct
654|00045200080902|045200080902|Cains|Naturally Delicious Raspberry Vinaigrette Dressing Light
655|00074182151010|074182151010|Softsoap|Softsoap Sweet Honeysuckle & Orange Peel Bar Soap- 4 Pk
656|00830395031682|830395031682|Domo|Domo Mystery Minis Vinyl Figures
657|00072248266647|072248266647|International Collection|International Collection Walnut Oil
658|00041780001979|041780001979|Utz|Utz Jumbo Lunch Box Variety Pack - 22 Ct
659|00739510004047|739510004047|Sobe|Sobe Lifewater Kiwi Cherimoya
660|00672125015438|672125015438|Artskills|Artskills Neon Board - 2 Ct
661|00072368201412|072368201412|Delallo|Delallo Super Select Hot Cauliflower
662|00727806070074|727806070074|Dominex|Dominex Angelbowls Vegetable Bruschetta & Mozzarella
663|00707226719524|707226719524|Zak!|Zak Easy Grip Flatware Nickelodeon Teenage Mutant Ninja Turtles
664|00300450449078|300450449078|Tylenol|Tylenol Extra Strength Acetaminophen Pain Reliever - 50 Caplets
665|00073852026313|073852026313|Purell|Purell Advanced Hand Sanitizer Refreshing Gel  8 Oz. Plus 2 Oz. Free
666|00378112694807|378112694807|Chloraseptic|Chloraseptic Sore Throat Portable Spray Cherry
667|00013232750810|013232750810|Horizons|Prince Michel Horizons Merlot Wine
668|00075900007534|075900007534|Bob Evans|Bob Evans Everyday Classics Sausage & Cheese Sandwiches - 6 Ct
669|00819933010204|819933010204|Thicker Fuller Hair|Thicker Fuller Hair Instantly Thick Serum
670|00030000264423|030000264423|Quaker|Quaker Instant Oatmeal Bakery Favorites - Apple Crisp, Cinnamon Roll, Banana Bread Flavor Packets
671|00089156801129|089156801129|Santa Barbara Olive Co.|Santa Barbara Olive Co. Pimento Martini Olives
672|00688267129148|688267129148|Ahold|Ahold Spearmint Starlights Hard Candy
673|00688267049439|688267049439|Nature's Promise|Nature's Promise Organics Organic Baby Arugula
674|00018000007578|018000007578|Pillsbury|Pillsbury Crescent Seamless Dough Sheet
675|00073420516208|073420516208|Daisy|Daisy Low Fat Cottage Cheese Small Curd 2% Milk Fat
676|00858328761185|858328761185|Wolfgang Puck|Wolfgang Puck Organgic Soup Hearty Lentil Vegetable
677|00072700000307|072700000307|Manischewitz|Manischewitz Passover Egg Matzo Crackers
678|00813715012684|813715012684|Batchelors|Batchelors Bigga Marrowfat Processed Peas
679|00038000845192|038000845192|Pringles|Pringles Multigrain Crisps Sour Cream & Onion
680|00814384000781|814384000781|Poochie|Poochie Naturals Dog Treats Steak Strips
681|00075371050183|075371050183|Baby Magic|Baby Magic Gentle Baby Lotion Soft Cotton Blooms
682|00655852001691|655852001691|Aurora Natural|Aurora Natural Sunflower Seeds
683|00013000007023|013000007023|Heinz|Heinz Reduced Sugar Tomato Ketchup
684|00300054903921|300054903921|Centrum|Centrum Flavor Burst Wild Grape Multivitamin/multimineral Supplement Adult Chews - 120 Ct
685|00092227701105|092227701105|Burgers By Amylu|Burgers By Amylu Spinach & Cheddar Chicken Burgers With Caramelized Onions - 2 Ct
686|00045255115215|045255115215|Usda Produce|Onions Cipollini
687|00828545110127|828545110127|Fit|Fit Fruit & Vegetable Wash
688|00072248710027|072248710027|Amore|Paste Tmo Basil
689|00075209824948|075209824948|Mcconnell's|Mcconnell's Fine Ice Creams Vanilla Bean
690|00041520029638|041520029638|Companion|Companion Stainless Steel Bowl
691|00747599620010|747599620010|Ghirardelli|Ghirardelli Premium Hot Cocoa Double Chocolate
692|00012546685016|012546685016|Stride|Stride Id Sugar Free Gum Berrymelon - 14 Ct
693|00074200202106|074200202106|L'eggs|L'eggs Silken Mist Pantyhose Control Top Silky Sheer Leg B Jet Black
694|00073435003038|073435003038|King's Hawaiian|King's Hawaiian Hamburger Buns Original Hawaiian Sweet - 6 Ct
695|00048500021255|048500021255|Tropicana|Tropicana Juice Beverage Lemonade
696|00688267128769|688267128769|Ahold|Ahold Sharp Cheddar 2% Milk Finely Shredded
697|00817539011069|817539011069|Sneaky Pete's|Sneaky Pete's Oatstanding Beverage Mango Mystique
698|00041129080863|041129080863|Prince|Prince Pasta Portions Enriched Macaroni Product Curly Elbow Boil-in-bag - 3 Ct
699|00070907026250|070907026250|Lifestyles|Lifestyles Pleasure Collection Premium Lubricated Condoms - 30 Ct
700|00043000045763|043000045763|Jell-o|Jell-o Gelatin Snacks Raspberry - 4 Ct
701|00817855010494|817855010494|K-9 Cookhouse|K-9 Cookhouse 10-inch Duck Wrapped Retriever
702|00637480055055|637480055055|Atkins|Atkins Day Break Cinnamon Bun Bar - 5 Ct
703|00022506131019|022506131019|Spectrum Essentials|Spectrum Essentials Organic Flax Oil Omega-3 Ultralignan With Vitamin D
704|00856382003043|856382003043|Bantry Bay Premium Seafoods|Bantry Bay Premium Seafoods Seafood Paella
705|00352800482525|352800482525|Lubriderm|Lubriderm Moisturizer With Sunscreen Advanced Therapy Lotion
706|00074682117448|074682117448|Natural Brew|Natural Brew Draft Root Beer - 4 Ct
707|00070200520554|070200520554|Marzetti|Marzetti All Natural Salad Dressing Asiago Peppercorn
708|00071429002463|071429002463|Zatarain's|Zatarain's Alfredo Blackened Chicken New Orleans Style
709|00075072001095|075072001095|Cosmo's|Cosmo's Hot Stuffed Peppers
710|00037000875468|037000875468|Tide +|Tide + Bleach Alternative Original
711|00021888410118|021888410118|Rainbow Light|Rainbow Light Protein Engergizer Chocolate
712|00789622909983|789622909983|Heartland Meadow|Heartland Meadow Natural Angus Beef Ribeye Steak
713|00041457513491|041457513491|Goody|Goody Comb With Control Easy Hold Detangling Comb
714|00688267133671|688267133671|Ahold|Ahold Soup Gazpacho
715|00019063232341|019063232341|Fruit2o|Fruit2o Flavored Water Beverage Natural Strawberry - 6 Ct
716|00052000134742|052000134742|Propel|Propel Zero Water Beverage Nutrient Enhanced Zero Calorie Mandarin Orange - 6 Pk
717|00076840101283|076840101283|Ben & Jerry's|Ben & Jerry's Ice Cream Cheesecake Brownie
718|00074682107890|074682107890|R.w. Knudsen|R.w. Knudsen Juice Just Black Currant
719|00041755008002|041755008002|Langers|Langers Cranberry Plus 100% Juice
720|00755355150022|755355150022|Harmonies|Harmonies Whole Grain Chips Cinnamon Toast
721|00041520887801|041520887801|S&s Brands, Inc.|Pumpkin Plastic Bucket
722|00603084230648|603084230648|Garnier|Garnier Fructis Fortifying Color Shield Shampoo For Color-treated Hair
723|00071662112059|071662112059|Crayola|Crayola Kids' Paint Washable Classic Colors - 10 Ct
724|00077245102530|077245102530|Elite|Elite Instant 100% Pure Coffee
725|00017000068091|017000068091|Right Guard|Right Guard Total Defense 5 Power Gel Arctic Refresh Deodorant
726|00074312134395|074312134395|Nature's Bounty|Nature's Bounty Calcium Plus Vitamin D3 Mineral Supplement Softgels
727|00070074564777|070074564777|Ensure|Ensure Muscle Health Revigor Homemade Vanilla Shake - 4 Pk
728|00087052777739|087052777739|Clearly Natural|Clearly Natural Essentials Glycerine Hand Soap Vitamin E
729|00214824900006|214824900006|Usda Meat|Bone-in French Cut Pork Rib Roast
730|00031600666167|031600666167|Kiwi|Kiwi 54'' Sport Laces Flat Black - 1 Ct
731|00732913440740|732913440740|Seventh Generation|Seventh Generation Foaming Baby Shampoo & Wash
732|00688267092534|688267092534|Ahold|Ahold Meat Lasagna Family Size
733|00044000012519|044000012519|Oreo|Oreo Handi-snacks Packs Cookie Sticks 'n Creme Dip - 6 Pk
734|00858596001600|858596001600|My Boy's Baking|My Boy's Baking Biscotti Chocolate Chip Toffee Pecan
735|00027154313381|027154313381|Campechanas|Cuetara Campechanas Palmeritas Crisp Palm Leaf Cookies
736|00077975099896|077975099896|Snyder's Of Hanover|Snyder's Of Hanover Pretzel Dips Hershey's Milk Chocolate
737|00022000012982|022000012982|Starburst|Starburst Crazy Beans
738|00044500976489|044500976489|Hillshire Farm|Hillshire Farm Deli Select Honey Ham With Water Added Ultra Thin
739|00051111025949|051111025949|Scotch|Scotch Super Glue Liquid Fine Tip - 2 Ct
740|00757645018500|757645018500|Newman's Own Organics|Newman's Own Organics Licorice Twists Sour Apple
741|00041409002479|041409002479|Chiquita|Chiquita Banana Bread Mix
742|00046689800265|046689800265|New England Naturals|New England Naturals Antioxidant Organic Granola With Superfruit Berries And Vanilla
743|00688267124976|688267124976|Ahold|Ahold Light Vegetable & Rice Soup
744|00072477987054|072477987054|Citronella|Pic Citronella Plus Mosquito Repellent Diffuser
745|00071921025281|071921025281|Digiorno|Digiorno Garlic Bread Pizza Four Cheese
746|00021000042777|021000042777|Kraft|Kraft Recipe Makers Cooking Sauces Skillet Recipe Tex-mex Chicken Fajita
747|00016571950279|016571950279|Sparkling Ice|Sparkling Ice Lemonade Raspberry Lemonade
748|00704863312125|704863312125|Classic Cooking|Classic Cooking Spanish Rice Casserole
749|00879924000010|879924000010|Passage To India|Passage To India Simmer Sauce Korma Mild
750|00021000638994|021000638994|Kraft|Kraft Mexican Style Finely Shredded Four Cheese
751|00688267044977|688267044977|Giant|Giant Peach Iced Tea Sugar Free Drink Mix- 6 Ct
752|00688267086809|688267086809|Ahold|Ahold 2nd Stage Baby Food Apples - 2 Ct
753|00070650800763|070650800763|Taste Of Thai|Noodle Qck Meal Pad Thai
754|00065203809409|065203809409|Just Basic|Just Basic Headwraps - 6 Ct
755|00071840092036|071840092036|Marie's|Marie's Dressing & Dip With Real Premium Ingredients Chunky Blue Cheese
756|00077900650246|077900650246|Jimmy Dean|Jimmy Dean Delights Honey Wheat Flatbread Turkey Sausage, Egg & Cheese - 4 Ct
757|00041900073633|041900073633|Fruit Rush|Fruit Rush Fruit Drink Orange
758|00305730133203|305730133203|Advil|Advil Ibuprofen Tablets - 20 Ct
759|00075457129000|075457129000|Garelick Farms|Garelick Farms Dairy Pure Milk 1% Lowfat
760|00041457873557|041457873557|Goody|Goody Mini Series All Purpose Brush
761|00021000030453|021000030453|Breakstone's|Breakstone's 2% Milkfat Lowfat Cottage Cheese
762|00070922222019|070922222019|Airboss|Airboss One Drop All Purpose Household Deodorizer
763|00035000446244|035000446244|Ajax|Ajax Super Degreaser Lemon Dish Liquid
764|00850163004014|850163004014|American Farmer|American Farmer Skinny N'light Kettle Popped Corn
765|00070281000310|070281000310|Koops'|Koops' Mustard Original Yellow
766|00041548751290|041548751290|Edy's|Edy's Rich & Creamy Grand Ice Cream Nestle Butterfinger
767|00028000706128|028000706128|Nescafe|Nescafe Taster's Choice French Roast Instant Coffee - 6 Ct
768|00037000204442|037000204442|Secret|Secret Scent Expressions Va-va Vanilla Antiperspirant Deodorant
769|00325866105042|325866105042|Aleve|Aleve Pain Reliever/fever Reducer Caplets - 50 Ct
770|00787359175015|787359175015|Fresh Gourmet|Fresh Gourmet Crispy Onions Garlic Pepper
771|00041520893345|041520893345|Smart Living|"Smart Living 4.125"" X 9.5"" Security Envelopes - 36 Ct"
772|00028000547783|028000547783|Butterfinger|Nestle Butterfinger Pieces In Milk Chocolate Bar
773|00041490736130|041490736130|King|King Syrup Golden
774|00021000043309|021000043309|Kraft|Kraft Miracle Whip Dressing With Olive Oil
775|00341520311345|341520311345|Careone|Careone Acid Reducer Tablets Original Strength - 60 Ct
776|00381519050336|381519050336|Clairol|Clairol Nice 'n Easy 5g Medium Golden Brown Permanent Haircolor
777|00074312368196|074312368196|Good 'n Natural|Good 'n Natural Bar Peanut Butter
778|00022000116321|022000116321|Skittles|Skittles Blenders Bite Size Candies
779|00635992041405|635992041405|Genisoy|Genisoy Southern Style Chunky Peanut Butter Fudge Soy Protein Bar
780|00071249155486|071249155486|L'oreal Paris|L'oreal  Paris Hair Expertise Everpure Smooth Conditioner
781|00688267138966|688267138966|Simply Enjoy|Simply Enjoy Earl Grey Lavender Loose Organic Black Tea
782|00722648654086|722648654086|Superior|Superior Nut & Candy Yogurt Raisins
783|00049200902943|049200902943|Domino|Domino Sugar Pourable Light Brown
784|00078300098386|078300098386|Playtex|Playtex Gentle Glide 360 Degree Tampons Plastic Super  - 18ct
785|00071160063341|071160063341|Corningware|Corningware Etch Square Baker With Glass Lid Brick - 1.5 Qt
786|00070650007070|070650007070|Odense|Odense Almond Paste Coconut
787|00041387415940|041387415940|4c|4c Totally Light Sugar Free Energy Rush Strawberry Tea 2 Go Packets - 14 Ct
788|00083120103691|083120103691|Franzia|Franzia House Wine Favorites Sunset Blush
789|00039978001887|039978001887|Bob's Red Mill|Bob's Red Mill Granola Cinnamon Raisin
790|00025500002279|025500002279|Folgers|Folgers Classic Roast Ground Coffee Refill Pack Medium
791|00855930001494|855930001494|Aleia's|Aleia's Oatmeal Raisin Cookies Gluten Free
792|00762111206022|762111206022|Starbucks|Starbucks Whole Bean Coffee Dark Espresso Roast
793|00076840135554|076840135554|Ben & Jerry's|Ben & Jerry's Stephen Colbert's Americone Dream Ice Cream Vanilla
794|00049000053678|049000053678|Sprite|Sprite 12 Oz Lemon-lime Soda 30 Pk
795|00062338870700|062338870700|Air Wick|Air Wick Scented Reed Diffuser Lavender & Chamomile
796|00054800032341|054800032341|Uncle Ben's|Uncle Ben's Garden Vegetable Ready Rice
797|00016000275645|016000275645|Cheerios|General Mills Cheerios Cereal
798|00767335000821|767335000821|Dr. Mcdougall's|Dr. Mcdougall's Right Foods Lower Sodium Vegan Soup Chinese Noodle
799|00885131787835|885131787835|Gerber|Gerber Graduates Sip & Smile Soft Spout Spill-proof Cups
800|00042037102845|042037102845|Bc|Bc Aspirin Powder Arthritis Pain - 50 Ct
801|00023923206311|023923206311|Earth's Best|Earth's Best French Toast Sticks Homestyle - 32 Ct
802|00726528291484|726528291484|Hallmark|Hallmark Party Napkins Luncheon 2-ply Bastin Day Of Gratitude
803|00036000306149|036000306149|Huggies|Huggies Overnite Diapers Step 4 Big Pack 60
804|00300878693770|300878693770|Enfamil|Enfamil Gentlease Infant Formula For Fusiness, Gas & Crying Powder Pouches - 2 Ct
805|00036632032690|036632032690|Oikos|Dannon Oikos Vanilla Greek Nonfat Yogurt - 4 Ct
806|00077260097156|077260097156|Russell Stover|Russell Stover Assorted Fine Chocolates Individually Wrapped
807|00017145848404|017145848404|Campbell's|Campbell's Microwaveable Soup Container
808|00804066020046|804066020046|Hero|Hero Raspberry Fruit Spread
809|00024131135035|024131135035|Farberware|Farberware Barbeque Sauce Pan And Basting Brush
810|00214461700007|214461700007|Peapod|Certified Angus Beef Fully Cooked Prime Rib
811|00076991003122|076991003122|Mariani|Mariani All Natural Premium Blanched Slivered Almonds
812|00363824057187|363824057187|Mucinex|Mucinexd Expectorant & Nasal Decongestant 12 Hour - 18 Ct
813|00047800330142|047800330142|B&m|B&m Home Style Baked Beans
814|00012587785140|012587785140|Glad|Glad Designer Series Plastic Containers And Lids Medium Rectangle 3-cups - 4 Ct
815|00087692100140|087692100140|Samuel Adams|Samuel Adams Boston Lager - 12 Ct
816|00870223024370|870223024370|Salon Selectives|Salon Selectives Smooths & Shines Color Safe Shampoo
817|00033674130001|033674130001|Nature's Way|Nature's Way Garlic Bulb 580mg Capsules - 100 Ct
818|00075900002591|075900002591|Bob Evans|Bob Evans Pork Sausage Links Original - 24 Ct
819|02086760000007|086760000007|Usda Seafood|Pei Mussels Farm Raised
820|00380040476004|380040476004|Tena|Tena Serenity Heavy Absorbency Long Pads - 42 Ct
821|00688267068751|688267068751|Guaranteed Value|Guaranteed Value Garlic Powder
822|00099477100030|099477100030|Viva|Fun Treats Viva Ice Pops
823|00018627703440|018627703440|Kashi|Kashi Indigo Morning Cereal
824|00036000258455|036000258455|Kleenex|Kleenex Brand Tissue Sneeze Shield - 3 Pk
825|00075609601477|075609601477|Olay|Olay Regenerist Regenerating Cream Cleanser Skin Care 5 Fl Oz
826|00044000027056|044000027056|Oreo|Nabisco Golden Oreo Cakesters Soft Snack Cakes - 14 Ct
827|00078729120408|078729120408|Vidal Sassoon|Vidal Sassoon No-metal Peace Sign/plain Elastics - 15 Ct
828|00306960208136|306960208136|Boiron|Boiron Cimicifuga Racemosa 30 C - 80 Ct
829|00019200003124|019200003124|Lysol|Lysol No-touch Sparkling Shimmering Berry Scent Antibacterial Hand Soap Refill
830|00688267147081|688267147081|Ahold|Ahold Dark Chocolate Cranberries
831|00076660004658|076660004658|Fixodent|Fixodent Complete Fresh Mint Denture Adhesive Cream 2.4 Oz
832|00028400039130|028400039130|Cheetos|Cheetos Cheese Snacks Crunchy
833|00036000412482|036000412482|Huggies|Huggies Pull-ups Learning Designs Training Pants 2t-3t 18-34lbs - 52 Ct
834|00021000024643|021000024643|Kraft|Kraft Mozzarella 2% Milk Cheese Shredded
835|00055653670506|055653670506|Dare|Cracker Vivant
836|00028400006903|028400006903|Sunchips|Sun Chips 6 Grain Medley Creamy Roasted Garlic Chips
837|00097421376791|097421376791|Powerbar|Powerbar 20g Protein Plus Bar Vanilla
838|00039438236729|039438236729|Mello Smello|Mello Smello Magnet Valentines Guitar Cards & Magnets - 16 Ct
839|00041780005120|041780005120|Utz|Utz Dips Ranch
840|00789785500133|789785500133|Skinny Cow|Skinny Cow Ice Cream Cones Vanilla Caramel - 4 Ct
841|00044700072776|044700072776|Oscar Mayer|Oscar Mayer Deli Fresh Cajun Style Turkey Breast
842|00688267097027|688267097027|Ahold|Ahold Italian Bread
843|00736393510078|736393510078|Glory Foods|Glory Foods Seasoned Southern Style Purple Hull Peas
844|00086600750750|086600750750|Bumble Bee|Bumble Bee Sardines In Mustard
845|00033674123003|033674123003|Nature's Way|Nature's Way Dandelion Root 525mg - 100 Ct
846|00898406001819|898406001819|Powell & Mahoney|Powell & Mahoney Cocktail Mixer Blood Orange
847|00076840081332|076840081332|Ben & Jerry's|Ben & Jerry's All Natural Vermont's Finest Peanut Brittle Ice Cream
848|00053600000789|053600000789|La Yogurt|La Yogurt Probiotic Rich & Creamy Low Fat Yogurt Mango
849|00077260000064|077260000064|Russell Stover|Russell Stover Assorted Chocolates
850|00035000766519|035000766519|Colgate|Colgate Optic White Dual Action Crystal Mint Toothpaste
851|00208220300003|208220300003|Usda Meat|Pork Back Ribs Country Style Bone-in
852|00020716200000|020716200000|Usda Meat|Pork Back Ribs Country Style Bone-in
853|00688267139420|688267139420|Ahold|Ahold Pizza Dough - 2 Ct
854|00051381911072|051381911072|Aura Cacia|Aura Cacia Camphor (white)
855|00037600234788|037600234788|Skippy|Skippy Natural Singles Peanut Butter Spread Creamy - 6 Ct
856|00718334337432|718334337432|Desert Essence|Desert Essence Coconut Hand And Body Lotion
857|00041322356420|041322356420|Farm Rich|Farm Rich Mozzarella Sticks
858|00011313070703|011313070703|Fantasia|Fantasia Argan Oil Curl Styling Pudding
859|00072368201726|072368201726|Delallo|Delallo Super Select Hot Sliced Jalapenos
860|00041520892706|041520892706|Companion|Companion Hamster & Gerbil Food
861|00669125608005|669125608005|Nutri-vet|Nutri-vet Skin And Coat Health Care Wild Alaskan Salmon Oil For Dogs
862|00736393501434|736393501434|Glory Foods|Glory Foods Sensibly Seasoned Blackeye Peas Lower Sodium
863|00028989717504|028989717504|Morningstar|Morning Star Farms Veggie Burgers Spicy Black Bean- 8 Ct
864|00017000080758|017000080758|Dial|Dial Island Mango Hand Sanitizer
865|00078729113899|078729113899|Vidal Sassoon|Vidal Sassoon Sure Grip Clix Animal Print - 6 Ct
866|00341520313110|341520313110|Careone|Careone Hydrogen Peroxide Solution
867|00688267033315|688267033315|Ahold|Ahold Veggietales Fruit Flavored Snacks Assorted - 6 Ct
868|00655852000267|655852000267|Aurora Natural|Aurora Natural Granola Vanilla Crunch
869|00781963020679|781963020679|Berkley Green|Berkley Green  Multi-surface Cleaner Free & Clear
870|00075020016829|075020016829|Philips|Philips Avent Pacifier - 0-6m
871|00015000004316|015000004316|Gerber|Gerber 2nd Foods Applesauce
872|00051000130624|051000130624|V8|V8 Splash Fruit Medley Juice
873|00075072001088|075072001088|Cosmo's|Cosmo's Hot Cherry Peppers
874|00027917001128|027917001128|Nutrition Now|Nutrition Now Pb 8 Pro-biotic Acidophilus For Life - 120 Capsules
875|00037000867517|037000867517|Gain|Gain Flings! 3 In 1 Detergent+oxi Boost+febreze Moonlight Breeze - 16 Ct
876|00062338870687|062338870687|Air Wick|Air Wick Scented Reed Diffuser Warm Apple Pie
877|00076001010096|076001010096|Candle-lite|Candle-lite 12 In Candle Crimson
878|00077900491603|077900491603|Jimmy Dean|Jimmy Dean Skillets Sausage
879|00637480077057|637480077057|Atkins|Atkins Endulge Peanut Butter Cups - 5 Pk
880|00076479636163|076479636163|Giuliano|Giuliano Olive Antipasto Italian Style
881|00688267046711|688267046711|Guaranteed Value|Guaranteed Value Apple Juice Cocktail
882|00674336978816|674336978816|Ahold|Spray Mums Assorted
883|00051131972902|051131972902|Post-it|Post-it Flags - 60 Ct
884|00041520035493|041520035493|Careone|Careone Moisturizing Body Wash La La Lavender
885|00031000670009|031000670009|P.f. Chang's|P.f. Chang's Home Menu Meal For 2 Shanghai Style Beef
886|00033049000229|033049000229|Martin's|Martin's Kettle-cook'd Hand Cooked Potato Chips
887|00070982013428|070982013428|Evercare|Evercare Giant Lint Roller - 60 Ct
888|00732913228287|732913228287|Seventh Generation|Seventh Generation Natural Laundry Detergent Geranium Blossoms & Vanilla
889|00300450449092|300450449092|Tylenol|Tylenol Extra Strength Acetaminophen - 100 Caplets
890|00070200510081|070200510081|Marzetti|Marzetti Dressing Poppyseed Light
891|00021000701476|021000701476|Kraft|Kraft Anything Dressing Zesty Italian Lite
892|00052100634760|052100634760|Mccormick|Mccormick Grill Mates Chicken Rub
893|00074182280338|074182280338|Softsoap|Softsoap Body Butter Coconut Scrub Body Buff Wash
894|00051500552186|051500552186|Pillsbury|Pillsbury Halloween Funfetti Premium Brownie Mix 13 X 9 Pan Size
895|00674336978533|674336978533|Ahold|Carnations Mini Assorted
896|00023100335827|023100335827|Cesar|Cesar Sunrise Smoked Bacon & Egg Canine Cuisine
897|00052100156507|052100156507|Cake Mate|Cake Mate Numeral 7 Birthday Candle
898|00070734523922|070734523922|Enerji|Enerji Green Tea Energy Shot Berry - 12 Ct
899|00071160073876|071160073876|Pyrex|Pyrex No-leak Lids Multi Pack - 6 Ct
900|00076239420803|076239420803|Mama Rosie's|Mama Rosie's Round Cheese Ravioli - 80 Ct
901|00015700052013|015700052013|Swiss Miss|Swiss Miss Classics Rich Chocolate Hot Cocoa Mix - 10 Ct
902|00016300166353|016300166353|Florida's Natural|Florida's Natural Orange Mango Juice
903|00036000406702|036000406702|Huggies|Huggies Snug & Dry Disney Baby Stage 5 Diapers (over 27 Lb) - 24 Ct
904|00070530671773|070530671773|Uni-ball|Uni-ball Vision Elite Blx Pen Blue/black
905|00071160010765|071160010765|Pyrex|Pyrex 4 Cup Glass Measuring Cup
906|00076301240124|076301240124|Apple & Eve|Apple & Eve Fruitables Tropical Orange Fruit & Vegetable Juice Beverage - 8 Pk
907|00080793808977|080793808977|Fuze|Fuze Diet Lemon Iced Tea 20 Fl Oz
908|00020735112076|020735112076|Turkey Hill|Turkey Hill All Natural Recipe Vanilla Bean, Chocolate, & Butter Almond Philadelphia Style Ice Cream
909|00070501297834|070501297834|Neutrogena|Neutrogena Naturals Purifying Cream Cleanser
910|00052200095744|052200095744|Beech-nut|Beech Nut Stage 2 1/2 Homestyle Textures - 16 Ct
911|00037466066837|037466066837|Lindt|Lindt Excellence Strawberry Dark Chocolate
912|00022600296164|022600296164|Nair|Nair Brazilian Spa Clay Total Care Face Trio
913|00072489010016|072489010016|Penn|Penn Championship Extra-duty Felt Tennis Balls - 3 Ct
914|00052200007747|052200007747|Beech-nut|Beech Nut Homestyle Goodies Stage 4 Popped Rice Snack Vanilla Cream - 5 Ct
915|00079441002225|079441002225|Van Ness|Van Ness Eco Pet Bowl 8 Oz
916|00217418200001|217418200001|Usda Meat|Porterhouse Steak
917|00028873000000|028873000000|Usda Meat|Porterhouse Steak
918|00072180639790|072180639790|Freschetta|Freschetta Naturally Rising Crust Pizza Signature Pepperoni
919|00616029060026|616029060026|Oberweis|Oberweis Dairy Ice Cream Pie Peppermint
920|00212581800003|212581800003|Maple Leaf Farms|Maple Leaf Farms Duck With Orange Sauce Packet
921|00071537020250|071537020250|Polar|Polar Calorie-free Seltzer Ruby Red Grapefruit
922|00688267144424|688267144424|Ahold|Ahold Dry Roasted Peanuts With Sea Salt
923|00074030000040|074030000040|Sorrento|Sorrento Cheese Mozzarella
924|00636874090214|636874090214|Eo Products|Eo Products Volumizing Conditioner Rosemary And Mint - 8 Fl Oz
925|00688267142024|688267142024|Ahold|Ahold Tuna Salad
926|00052000134483|052000134483|Gatorade|Gatorade G Series 01 Prime Cool Blue Energy Chews - 6 Ct
927|00857003002001|857003002001|Maia|Maia Inspired Nutrition Non-fat Greek Yogurt Vanilla Bean
928|00310742109092|310742109092|Rohto|Rohto Arctic Redness Relief Lubricant Eye Drops
929|00070048778193|070048778193|Goo Gone|Goo Gone Spray Gel
930|00850150002054|850150002054|Chocolates On Broadway|Chocolates On Broadway Milk Chocolate Peanut Butter Melt-a-way
931|00305730175111|305730175111|Advil|Advil Junior Strength Ibuprofen Coated Tablets 100mg - 24 Ct
932|00068437389716|068437389716|Brookside|Brookside Dark Chocolate Acai With Blueberry
933|00051500006863|051500006863|Smucker's|Smucker's Strawberry Preserves
934|00025700003915|025700003915|Ziploc|Ziploc Smart Zip Sandwich Bags - 100 Ct
935|00070575040268|070575040268|On-cor|On-cor Macaroni & Cheese
936|00021000024896|021000024896|Kraft|Kraft Singles Skim Milk American Cheese Slices - 16 Ct
937|00030100599548|030100599548|Keebler|Keebler Town House Flatbread Crisps Roasted Garlic
938|00786162002891|786162002891|Vitaminwater|Glaceau Vitamin Water Spark Grape-blueberry Nutrient Enhanced Water Beverage
939|00041262284296|041262284296|Wise|Wise Potato Chips Honey Bbq Flavored
940|00186905000021|186905000021|Lefty's Spices|Lefty's Spices Bbq Sauce Mild
941|00027393007621|027393007621|Glenny's|Glenny's Classic Fruit & Nut Whole Fruit & Nut Bars - 5 Ct
942|00072392138623|072392138623|Wyler's Light|Wyler's Light Water Enhancer Mixed Berry
943|00070257600018|070257600018|Scripto|Scripto Aim 'n Flame Ii Wind Resistant Lighter
944|00715826101908|715826101908|Ravens Wood|Ravens Wood Zinfandel Vinters Blend California 2010
945|00079200158866|079200158866|Wonka Sweetarts|Wonka Sweetarts Tangy Candy
946|00041000009952|041000009952|Lipton|Lipton Pureleaf All Natural Raspberry Iced Tea
947|00046100008232|046100008232|Sargento|Sargento Snacks Colby-jack Cheese Sticks Fridge Pack - 18 Ct
948|00040000029373|040000029373|M&m's|M&m's Minis Milk Chocolate Candies
949|00041100081810|041100081810|Coppertone|Coppertone Tanning Lotion Sunscreen Spf 8
950|00637118103370|637118103370|Brite Concepts|Brite Concepts Stainless Steel Washing Machine Lint Traps - 3 Ct
951|00053568214549|053568214549|Maynards|Maynards Bassett's Liquorice Allsorts Candy
952|00688267126277|688267126277|Ahold|Ahold  Infant Formula With Iron Advantage
953|00012844098150|012844098150|Refresh Your Car!|Refresh Your Car! Odor Eliminating Scented Oil Wick Cucumber Melon
954|00083900005764|083900005764|Gold Peak|Gold Peak Diet Iced Tea
955|00070470459127|070470459127|Yoplait|Yoplait Greek Blended Fat Free Yogurt Pineapple
956|00077817107000|077817107000|Bachman|Bachman Brick Oven Flame-baked Original Butter Twist Pretzels
957|00688267041211|688267041211|Ahold|Ahold Dried Cranberries
958|00019200882095|019200882095|Lysol|Lysol Automatic Toilet Bowl Cleaner With Bleach Lime Scent - 2 Ct
959|00033400612870|033400612870|San Giorgio|San Giorgio Enriched Macaroni Product Pot Pie Bows
960|00070670007388|070670007388|Davinci|Davinci Spinach Nests 100% Duram Wheat Semolina Macaroni
961|00051000192806|051000192806|V8|V8 V-fusion Vegetable And Fruit Juice Concord Grape Raspberry - 6 Ct
962|00688267087042|688267087042|Ahold|Ahold Small Red Beans
963|00016000437098|016000437098|Chicken Helper|Chicken Helper Ultimate Cheddar Broccoli
964|00050000429349|050000429349|Fancy Feast|Purina Fancy Feast Seafood Feast Classic Gourmet Cat Food
965|00017400105372|017400105372|Carolina|Carolina Rice Brown Rice Whole Grain
966|00045425680161|045425680161|Dockside Classics|Dockside Classics Pretzel Coated Crab Bites
967|00075720377466|075720377466|Poland Spring|Poland Spring Nature's Blends Spring Water & Real Juice Acai-grape
968|00012000004520|012000004520|Starbucks|Starbucks Frappuccino Mocha Chilled Coffee Drink
969|00851267000360|851267000360|Clean + Green|Clean + Green Natural Cleaner Carpet
970|00603084246458|603084246458|Garnier Nutritioniste|Garnier Nutritioniste Ultra-lift Anti-wrinkle Firming Night Cream
971|00071691394044|071691394044|Rubbermaid|Rubbermaid Premier Easy Find Lids - 3 Cups
972|00363824192208|363824192208|Mucinex|Mucinex Fast-max Multi-symptom Severe Congestion & Cold Caplets Maximum Strength - 20 Ct
973|00818158012192|818158012192|Kretschmer|Kretschmer Wheat Germ Original Toasted
974|00077975087565|077975087565|Snyder's Of Hanover|Snyder's Of Hanover Mini Pretzels
975|00025600004807|025600004807|Tastykake|Tastykake Sensables Sugar Free Chocolate Chocolate Chip Cookie Bars - 6 Ct
976|00719042700006|719042700006|Usda Produce|Tomatoes Heirloom
977|00083120102090|083120102090|Franzia|Franzia Vintner Select Chardonnay
978|00858078003085|858078003085|Cooksimple|Cooksimple Skillet Lasagna Mix With Brown Rice Pasta
979|00852311004037|852311004037|Bai 5|Bai 5 Antioxidant Infusions Beverage Ipanema Pomegranate
980|00718624400006|718624400006|The Buffalo Guys|The Buffalo Guys All Natural Buffalo Filet Of Sirloin
981|00081492693802|081492693802|Interdesign|Interdesign Over The Tank Roll Reserve!
982|00688267037665|688267037665|Ahold|Ahold Butterscotch Buttons Hard Candy
983|00280825000007|280825000007|Perdue|Perdue Fresh Chicken Leg Quarters
984|01011195340184|011195340184|Wisconian|Wisconian Delectables Veggie Dill Chips
985|00850803002042|850803002042|Therapearl|Therapearl Neck Wrap Hot & Cold Therapy
986|00047400649125|047400649125|Gillette|Gillette Body For Men Razor Kit
987|00043000005606|043000005606|Crystal Light|Crystal Light Liquid Drink Mix Pomtini
988|00735882500798|735882500798|Designer Greetings|Designer Greetings Tissue Glitterwrap Light Green - 8 Sheets
989|00865766000042|865766000042|Arcadian|Arcadian Sushi Spicy Chicken Spring Roll - 2 Ct
990|00041449601236|041449601236|Red Lobster|Red Lobster Cheddar Bay Biscuit Mix
991|00041000002861|041000002861|Lipton|Liptontea Bags - 48 Ct
992|00074108772008|074108772008|Conair|Conair Velvet Touch Soft Touch Handle Dry, Style & Volumize Brush
993|00041118009707|041118009707|Ellio's|Ellio's Cheese Pizza
994|00852885003269|852885003269|Scrumptious Pantry|Scrumptious Pantry Tomato Catsup Smoky
995|00077975010198|077975010198|Snyder's Of Hanover|Synder's Of Hanover Nibblers Honey Mustard & Onion
996|00070275051212|070275051212|Whink|Whink Professional Strength Rust & Iron Stain Remover
997|00616112061497|616112061497|Wholly Guacamole|Wholly Guacamole Layered Dip Black Bean
998|00011509043184|011509043184|Just For Men|Just For Men Hair Color Application Kit Medium-dark Brown A-40
999|00011210000155|011210000155|Tabasco|Tabasco Pepper Sauce Original Flavor
1000|00024000015468|024000015468|Del Monte|Del Monte Blue Lake Green Beans French Style
